number,created_date,title,score,review,predict
2514,2001-06-21 00:00:00,분노의 질주: 더 얼티메이트,9,재미있어요,1
2515,2001-06-21 00:00:00,레디 플레이어 원,6,현실만이 유일한 진짜라는 말만 공감이 되고 내겐 넘 난해했던 영화,0
2516,2001-06-21 00:00:00,파이프라인,8,전형적인 보통 한국영화 였습니다. 킬링타임용.,0
2517,2001-06-21 00:00:00,분노의 질주: 더 얼티메이트,1,ㅋㅋㅋ 리뷰 솔직하게들 써라 ,0
2518,2001-06-21 00:00:00,심장이 뛰네,10,아까운 여배우 처녀작이 유작이되어 안타깝다,0
2519,2001-06-21 00:00:00,라이더스 오브 저스티스,10,매즈 아저씨 미쳤음..진짜..걍 다 패버림,0
2520,2001-06-21 00:00:00,스피닝 맨,5,무슨 내용인지를 모르겠음...,0
2521,2001-06-21 00:00:00,키싱 부스 2,10,그냥 말로 표현할 단어가 있을까요 그냥 진짜 너무 좋아요 평생 기억남을 영화,1
2522,2001-06-21 00:00:00,라이더스 오브 저스티스,10,매즈 미켈슨이 매즈 미켈슨 했다 ㅋㅋㅋㅋ액션 미쳤슴,1
2523,2001-06-21 00:00:00,타이타닉,10,다시 봐도 너무 가슴아프고 와닿네요..,1
2524,2001-06-21 00:00:00,퍼시 잭슨과 번개 도둑,6,"내가 원작을 먼저 봐서 그런지 영화가 너무 부족해보인다. 중간중간 빠진 부분들이 너무 많고, 원작을 보지 않았다면 이해가 가지 않을만해보이는 부분이 몇개 있었다. 원작 소설은 만점에 가깝다고 생각한다. 영화를 보고나서 원작을 보는거라면 평점을 높게 줄 수 있었으나, 이미 완성도가 굉장히 높은 원작소설을 읽고 난뒤에 이 영화를보면 조금 많이 실망스러울 수 밖에없다.소재는 좋지만 잘 못살린, 예산이 조금 더 있었다면 달랐을까라는 아쉬움이 남는정도의 영화영어가된다면 영어판 소설을 꼭 사서 보길 추천한다. 나는 개인적으로 해리포터가 참 잘만든 소설이고 영화라고 생각했는데, 퍼시잭슨시리즈를 소설로 보고오니까 해리포터는 애기들 읽는 소설같아보일 지경이다.",0
2525,2001-06-21 00:00:00,반도,2,왜 이정현 같은 비급배우가 나오지?! ,1
2526,2001-06-21 00:00:00,범털2 : 쩐의 전쟁,10,범털 넷플릭스에서 재밌게본 기억이있는데 후속편도 나와서 보게 되었습니다.저는 전작보다 재밌게 봤네요 단점이라면 개연성이 살짝 부족했는데 조연들이 잘 연출된것과 배우들의 캐릭터가 전작보다 좋아서 재밌게 봤습니다 ,1
2527,2001-06-21 00:00:00,원라인,10,내용도 연기도 훌륭하네요 재밌게 봤어요,1
2528,2001-06-21 00:00:00,파고,9,후반부로 갈수록 씁쓸한 맛이 느껴지는 영화. 훌륭한 블랙 코미디 영화. ,1
2529,2001-06-21 00:00:00,조커,8,호아킨의 연기에 감탄을 하면서 보게 된다. 특히 계단 씬이 압권!,1
2530,2001-06-21 00:00:00,토이 스토리 4,4,훌륭한 애니매이션이지만 우디의 팬들에게는 마음에 들지 않을 수 있다. 영화를 다 보고 나면 보니 욕을 할 수 밖에 없다. ,0
2531,2001-06-21 00:00:00,파이프라인,2,이게영화맞나?..,0
2532,2001-06-21 00:00:00,분노의 질주: 더 세븐,8,시리즈 통틀어서 7이 가장 베스트임,1
2533,2001-06-21 00:00:00,페이트 스테이 나이트 헤븐즈필 제2장 로스트 버터플라이,3,이거 볼빠엔 무한열차 보지;;,0
2534,2001-06-21 00:00:00,분노의 질주: 더 얼티메이트,10,졸라재미써 그리고 선착순으로 피켓 받았는데 개멋지더라 언제 또나오냐,1
2535,2001-06-21 00:00:00,크루엘라,10,기대 안하고 봤는데 너무나 만족스러운 영화.어렸을 때 봤던 101마리 달마시안이 떠오르면서 역시 디즈니다 되뇌이게 됩니다.,1
2536,2001-06-21 00:00:00,모탈 컴뱃,7,상당히 원작에 근접하려는 노력과 액션이라던지 완성도가 보이지만 모르겠고 개인적으로 원작 자체가 이미 별로 흥미가 없음 ㅋㅋㅋㅋ,0
2537,2001-06-21 00:00:00,뉴니스,8,이별 당일 이 영화를 봤어요 공감이 되는 부분이 많아서 더욱 영화가 씁쓸하고 슬프게 느껴지는 거 같네요.마지막에 마틴에게 돌아가는 가비와 마틴의 솔직한 마음을 이야기하는 부분에서 눈물이 났어요. ,1
2538,2001-06-21 00:00:00,오만과 편견,10,한번 본거 또보고 또보는건 세일러문 이후로 처음입니다.. 거의 매일 다시보기 하고있어요 ㅠㅠ ,1
2539,2001-06-21 00:00:00,아미 오브 더 데드,1,이게 영화냐? 내 평생 이렇게 ㅂ ㅅ 같은 영화는 처음본다 시간 아깝다 보지마시길,0
2540,2001-06-21 00:00:00,더 파더,7,저물어져 간다는 것,0
2541,2001-06-21 00:00:00,분노의 질주: 더 얼티메이트,10,쏘쏘,1
2542,2001-06-21 00:00:00,네 마음에 새겨진 이름,7,증경화 역할에 디오 하고싶다 ㅎㅎ,1
2543,2001-06-21 00:00:00,분노의 질주: 더 얼티메이트,10,무슨 내용인지 모르고 봤는데도 불구하고재밌게 잘봤음,1
2544,2001-06-21 00:00:00,파이프라인,1,간만에 쓰레기 영화를 봤네. 유하감독 도대체 왜 이렇게 된거냐? 유치해서 미치겠더라,0
2545,2001-06-21 00:00:00,국가부도의 날,10,.,1
2546,2001-06-21 00:00:00,비와 당신의 이야기,1,&amp;#39;비와 당신의 이야기&amp;#39;의 박스오피스 관객수가 부풀려진것으로 드러났다. 배급사가 프로모션용으로 발권해 놓은 예약티켓을 CJ CGV가 정산을 위해 발권처리하는 과정에서 일어난일이다.,0
2547,2001-06-21 00:00:00,분노의 질주: 더 얼티메이트,10,불사조의질주로 바꾸자,0
2548,2001-06-21 00:00:00,인턴,8,와우.. 정말 좋은 영화!,1
2549,2001-06-21 00:00:00,노매드랜드,9,"주위에서 추천을 많이 받아서 기대하고 보았는데 정말 보길 잘했다는 생각이 들었습니다. 오랜만에 여유로웠던 주말, 혼자 보고 온 영화인데 잠시나마 여행을 다녀온 기분이 들 정도로 잔잔하면서도 멋진 풍경과 자유로운 삶에 푹 빠져있다가 나왔습니다.",1
2550,2001-06-21 00:00:00,파이프라인,6,악인 역할이 좀 약한듯 했지만 볼만했습니다 ,1
2551,2001-06-21 00:00:00,블라인드 사이드,10,진짜 엄청 연기를 잘해요!,1
2552,2001-06-21 00:00:00,블라인드 사이드,10,진짜 엄청 연기를 잘해요!,1
2553,2001-06-21 00:00:00,코스믹 씬,3,아... 영화 엉망이네..평점 밎을껄..,0
2554,2001-06-21 00:00:00,승리호,10,생각했던 것보다 재밌었음 !! 가볍게 보시는 거 추천 ㅎㅎ CG 굳굳,1
2555,2001-06-21 00:00:00,크루엘라,10,존잼남자친구는 별루였던거같지만..ㅋㅋ여자들이 좋아할만한!배경음악들도 진짜 신나고 엠마스톤 존예ㅜㅜ힝 연기진짜 최고,1
2556,2001-06-21 00:00:00,원더,1,재밌다.또 보고싶다.친구한테 추천해주고 싶다.,1
2557,2001-06-21 00:00:00,분노의 질주: 더 얼티메이트,1,그만내라 차 하나로 얼마나 우려먹는겨,0
2558,2001-06-21 00:00:00,분노의 질주: 더 얼티메이트,10,드디어 액션이 스토리를 지배하기 시작했다. 그래도 여전히 꿀잼. 엔딩은 아련.,1
2559,2001-06-21 00:00:00,아이 캔 스피크,10,.,1
2560,2001-06-21 00:00:00,에브리타임 룩 앳 유,10,유럽을 여행하는듯한 몰입감영상미가 최고입니다사랑은 계산되어진  현실에본능을 더한 짝찾기...   그길이  다를수있음을 보여준듯...,1
2561,2001-06-21 00:00:00,크루엘라,9,개연성은 조금 덜어졌지만 믿고 보는 디즈니영화,1
2562,2001-06-21 00:00:00,국가부도의 날,1,싸구려 반미영화에 남혐영화,0
2563,2001-06-21 00:00:00,분노의 질주: 더 얼티메이트,2,작품성이며 스토리는 내다버린지 오래고 연출로 눈의 재미만 높인 영화 ,0
2564,2001-06-21 00:00:00,분노의 질주: 더 얼티메이트,10,꼭보세요 진짜 후회 안하십니다~~!,1
2565,2001-06-21 00:00:00,백엔의 사랑,10,백만엔 짜리 영화,0
2566,2001-06-21 00:00:00,디 워,10,엔딩크레딧은 10점 주기엔 죄송하다,0
2567,2001-06-21 00:00:00,"제니, 주노",4,"지금이야 PC주의(페미니즘 포함)가 사회에 만연해져서 놀랄일도 아니지만 비교적 자유로웠던 2005년 당시에도 싸이월드를 중심으로 불매운동 펼쳐져서 영화가 폭망해버렸던 기억이 나네요감독의 전작을 300만명의 관객이 봤었던걸 생각하면 불매운동이 제대로 먹혀들었다고 봐야겠네요(제니,주노의 총 관객은 25만명)감독도 그 이후로 주류에서 밀려나고 삼류영화만 ...",0
2568,2001-06-21 00:00:00,탐정 홍길동: 사라진 마을,10,.,1
2569,2001-06-21 00:00:00,장사리 : 잊혀진 영웅들,10,이러한 역사는 잊어서는 안됩니다 -역사를 잊은 민족에겐 미래란 없다-,1
2570,2001-06-21 00:00:00,크루엘라,10,감상포인트의 연출 연기 스토리 영상미 OST 전부 누른 적 처음,1
2571,2001-06-21 00:00:00,혼자 사는 사람들,8,"영상 스토리 주인공 공승연분 연기까지 다 좋앗는데 조연부터 단역까지 연기가 너무 어색하거나 초짜, 또는 오버하는 느낌이 들어서 아쉬웠다 그들까지 다 괜찮았으면 더 와 너무 잘만들었다 라는 생각이 들엇을것같다",1
2572,2001-06-21 00:00:00,이별의 아침에 약속의 꽃을 장식하자,9,"설정과 플롯의 힘으로 관객들의 눈물샘을 계속해서 자극한다. 그 기저에는 사랑. 우정 그리고 사람의 친절함에 대한 강한 긍정이 굳게 버티고 있어서, 뻔한 신파가 아닌 깊은 울림으로 감동을 준다.",1
2573,2001-06-21 00:00:00,분노의 질주: 더 얼티메이트,2,평점알바들 열일하네...ㅡㅡ 이게 평점이 9점이 넘는다니 아무리 영화라지만 너무 허무맹랑한 설정에 몰입을 할수가 없었음 자동차타고 우주를가다니 ㅡㅡ 너무 심한거 아님?,0
2574,2001-06-21 00:00:00,아미 오브 더 데드,1,살다 살다 평점 처음 남겨봄. 딸부터 죽였어야 한다고 생각한게 나뿐만이 아니었구나. 개연성 개똥.,0
2575,2001-06-21 00:00:00,파이프라인,10,기대않하고 봐서일까요?넘흐 잼있게 봤습니다 ,1
2576,2001-06-21 00:00:00,크루엘라,7,디즈니 치고 영상미는 그냥저냥이고 스토리도 성인이 보기엔 조금 떨어짐그래도 한국영화보단 ㅎ,0
2577,2001-06-21 00:00:00,마담 싸이코,8,이 아줌마 진짜 싸이코 같아!,0
2578,2001-06-21 00:00:00,용의자X,10,연기가..와..감동,1
2579,2001-06-21 00:00:00,파이프라인,10,유쾌 통쾌한 영화!시간가는줄 모르게 재밌었어요~,1
2580,2001-06-21 00:00:00,비와 당신의 이야기,6,"너무 낭만적이고, 아날로그한 것.그럼에도 스토리는 괜찮다.",1
2581,2001-06-21 00:00:00,네가 내가 되었으면 좋겠다,8,첫사랑&amp;짝사랑 했던 혹은 ing중인 사람이라면 백퍼 공감할듯. 예고편 보고 너무 리얼해서 궁금했는데 기분좋게 웃다가 나왔어요~~ 과거 순수했던 시절 내모습이 생각나서 더 웃겼음. (그때 왜그랬지 하면서 눈물도 조금..) ,1
2582,2001-06-21 00:00:00,파이프라인,10,러닝타임내내 빠져서 보며 어떻게시간이지나갔는지모르겠어여 너무 무게감가득하지두 너무가볍지두않아서 즐기면서 볼수있는 영화였어여 서인국배우님 연기 멋졌어여 ^^핀돌이 매력있네여 ♡♡♡,1
2583,2001-06-21 00:00:00,크루엘라,10,영화 정말..안봤으면 후회했을 것 같네요ㅋ 코로나 기간에 심야 영화로 정말 재밌게 봤어요 엠마스톤은 사랑입니다. ,1
2584,2001-06-21 00:00:00,애플,9,"시를 닮은 영화,알리스의 표정에 젖어드는 영화,내가 잊고 싶은 단기기억은 무엇일까 떠올려 본 영화,사각거리는 사과 한 알이 너무나 먹고 싶었던 영화,미각에 대한 기억은 사라지지 않는다는 걸 알게 된 영화,알리스의 춤사위에 빠져들게 한 영화,막춤이라도 음악에 맞춰 쳐보고 싶게 한 영화,우리 모두 잊고 사는 것은 뭘까 생각하게 한 영화,인간 내면 깊숙이 자리하고 있는 무의식에 대해 생각게 한 영화,드러내기에는 너무 고통스러운 상실감에 관한 영화,단기 기억의 마비에도 연인과의 소중한 추억을 선택적으로 기억하고 있는 남자의 영화, 요르고스 란티모스의 영화들을 떠올리게 한 영화,케이트 블란쳇이 제작에 참여했다기에 더 관심 갔던 영화,영화관을 빠져나와서도 여운이 길게 머물렀던 영화, 그래서 재관람하고 싶게 만든 영화!",1
2585,2001-06-21 00:00:00,분노의 질주: 더 얼티메이트,7,스트레스 해소 쾅쾅진짜로 지구 밖으로 떠나네,1
2586,2001-06-21 00:00:00,분노의 질주: 더 얼티메이트,5,"솔직히 이제.... 의리만 남았다. 내용 계속 허술해지고,돈만 바른 영화지...그 이상도 아니다...차만 계속 부시고, 개연성도 없고..억지스럽고...분노의 질주 1,2 탄의 초심같은 컨셉도 없다....우주로 가는거 보고, 전부 실소 터트리는데.... 나도 한숨쉬었음",0
2587,2001-06-21 00:00:00,소년시절의 너,10,"첫번째 10점영화,10점은 아껴둘려했는데 그럴이유가 없다. ",1
2588,2001-06-21 00:00:00,몬스터 헌터,10,재밌는데?? 몬스터 마다 컨셉도 잘잡고 주인공버프가 너무 쌔서 그렇지 볼만함 액션도 좋구,1
2589,2001-06-21 00:00:00,울고 싶은 나는 고양이 가면을 쓴다,10,너무 재밌어요 ㅠㅠ 다른 영화도 많이 만들어주개요 ,1
2590,2001-06-21 00:00:00,크루엘라,8,디즈니라는 브랜드가 더 이상은 어린이들 전용이라는 생각을 철저히 부순 예.원작에서의 역발상은 참신했다.,0
2591,2001-06-21 00:00:00,분노의 질주: 더 얼티메이트,10,상황 전개 빨라서 좋음.,1
2592,2001-06-21 00:00:00,크루엘라,9,의상이랑 세트 디자인 음악연출 그리고 배우들의 연기가 단연 돋보이는 영화. ,1
2593,2001-06-21 00:00:00,후쿠오카,1,이시국에?,0
2594,2001-06-21 00:00:00,멜랑콜리아,10,earth is evil... 그녀의 일상적 절망보다는 지구의 파멸이 오히려 편안했다,1
2595,2001-06-21 00:00:00,돈,1,기저에 깔린 정서나 연출이 촌스럽네요 90년대 영화인 줄 ,0
2596,2001-06-21 00:00:00,클래식,10,"2003년에 영화로 보고, 오늘 티비로 구매해서 다시봤는데 다시봐도 정말 아름다운 영화에요...손예진은 이때도 연기를 매우 잘했네요~",1
2597,2001-06-21 00:00:00,극장판 귀멸의 칼날: 무한열차편,10,긴 말이 필요 없다 그냥 최고다,1
2598,2001-06-21 00:00:00,노매드랜드,9,"웨이브에서 5500원에 팔길래 24시간짜리 결제해서 봤는데 그럴 만한 가치가 있는 영화였다. 주말 저녁에 보고, 월요일에 내내 생각이나서 퇴근하자마자 또 보고. 화요일인 지금까지 계속 생각나서 리뷰쓰게하는 영화",1
2599,2001-06-21 00:00:00,크루엘라,8,처음엔 연기도 어색한거같고 뭔가 오글거렸는데 크루엘라가 변하면서 디자인 보여주는 영상미가 너무 멋지고 점점 괜찮아 지는것 같더라구요! 스토리도 좋았고 서사가 좋았네요엠마스톤 눈이 정말 커요ㅎㅎ점점 멋져가는 모습보며 눈호강했네요,1
2600,2001-06-21 00:00:00,비와 당신의 이야기,2,무맥락 뭔소린지 모르겠음...여튼 진짜 재미없었음,0
2601,2001-06-21 00:00:00,크루엘라,10,오랜만에 괜찮은 영화 본거 같아요,1
2602,2001-06-21 00:00:00,미드웨이,6,미드웨이 해전이 언제부터 공중전이 되어버렸냐?,0
2603,2001-06-21 00:00:00,러브 액츄얼리,10,"와진짜 보는내내 힐링.. 그리고 라인업 미쳤네. 휴그랜트,콜린퍼스,리암니슨,앨럭릭먼,엠마톰슨,키이라 나이틀리 실화냐? 대박 ㄷㄷ",1
2604,2001-06-21 00:00:00,세인트 빈센트,10,감동과 따뜻함이 느껴지는 영화,1
2605,2001-06-21 00:00:00,크루엘라,10,정말 재밌음!!! 돈아깝지 않다!!!,1
2606,2001-06-21 00:00:00,트랜스포머: 사라진 시대,4,인간 주인공만 안바꿨어도 이정도는 아니었다,0
2607,2001-06-21 00:00:00,지푸라기라도 잡고 싶은 짐승들,10,간만에 재밌는거 봐쑴...,1
2608,2001-06-21 00:00:00,트랜스포머 3,6,옵티머스는 갈수록 버프되는데 메가트론은 너무 심하게 너프됨. ,0
2609,2001-06-21 00:00:00,분노의 질주: 더 얼티메이트,1,오글거리고 재미없었어요 ㅠㅠ 허세만 가득....,0
2610,2001-06-21 00:00:00,극장판 귀멸의 칼날: 무한열차편,10,쥐리네요 렌고쿠상  ..,1
2611,2001-06-21 00:00:00,이보다 더 좋을 순 없다,10,말이 필요없는 영화 레젼드,1
2612,2001-06-21 00:00:00,분노의 질주: 더 얼티메이트,1,도지코인 화성 가누 이번편 너무 재미없네요 마지막 마무리는 맨날 가족 회식 뻔하쥬,0
2613,2001-06-21 00:00:00,파이프라인,1,이걸영화라고 만들고 있냐?? ,0
2614,2001-06-21 00:00:00,리얼,1,참담할 뿐참담할 뿐참담할 뿐,1
2615,2001-06-21 00:00:00,보이저스,6,브랜스타크는 여기서도 아무것도안하네,0
2616,2001-06-21 00:00:00,크루엘라,7,개연성은 살짝 떨어지지만 영상미가 너무 좋았단,1
2617,2001-06-21 00:00:00,크루엘라,10,눈코뜰새없이 재밌네요 연출 연기 음악 감동 모둔게 완벽했어요. ,1
2618,2001-06-21 00:00:00,인트로덕션,10,담배를 너무좋아하네..,0
2619,2001-06-21 00:00:00,파이프라인,10,이수혁 진짜 ㄱㅅㅋ나오게 잘하네요,1
2620,2001-06-21 00:00:00,빠담풍,10,ㅂㅈ들은 꽂으믄 처음에만 거부하다 나중에는 좋아서 헥헥된다는 교훈을 주는 영화 ㅋㅋ,1
2621,2001-06-21 00:00:00,분노의 질주: 홉스&쇼,10,.,1
2622,2001-06-21 00:00:00,롱 리브 더 킹: 목포 영웅,10,배우들 연기.. 은근히 볼매 영화임~,0
2623,2001-06-21 00:00:00,내일의 기억,10,서예지 연기는 진짜 잘하네 ~,0
2624,2001-06-21 00:00:00,룸메이트,4,흔한소재와 결말 지지부진한 스토리 전개,0
2625,2001-06-21 00:00:00,크루엘라,10,스토리랑 배우 연기가 일품임,1
2626,2001-06-21 00:00:00,크루엘라,10,재밌어요 강춛강추!,1
2627,2001-06-21 00:00:00,극장판 귀멸의 칼날: 무한열차편,10,오랜만에 좋은 영상 보았습니다.,1
2628,2001-06-21 00:00:00,분노의 질주: 더 얼티메이트,10,"ㅠㅠㅇ역시체고,,아묻따 분노의질주",0
2629,2001-06-21 00:00:00,미스트,9,많은걸 생각하게 해주는 영화.. 까마득히 앞날이 없다 생각해도 삶을 포기하지않고 버티면 반드시 좋은날이 올 수 있다..,1
2630,2001-06-21 00:00:00,분노의 질주: 더 얼티메이트,10,액션 보다 스토리 중점이라 더 마음이 따듯해짐,1
2631,2001-06-21 00:00:00,크루엘라,10,진짜 너무 재밋어요ㅠㅠㅠ 특히 치와와가 너무 귀여움 ㅠㅠㅠㅠ,1
2632,2001-06-21 00:00:00,비와 당신의 이야기,10,로맨스가 아니다 이건 삶에 대한 영화이다 10대 20대 30대가 되면서 그 시절 기억과 선택을 보여준다,1
2633,2001-06-21 00:00:00,애플,9,상실의 아픔을 잊을 수 없어 외면하려 했던 한 남자의 상해버린 사과. 그 사과에서 도려낸 무른 부분을 깨끗하게 쓸어 깊은 쓰레기통에 버리고 싶었다.,0
2634,2001-06-21 00:00:00,탐정 홍길동: 사라진 마을,1,말순이 개암덩이네..와 고구마×10000꿀밤한대 줘때리고싶다 진짜..,0
2635,2001-06-21 00:00:00,레드슈즈,10,한국 에니메이션의 대발전자랑스럽다,1
2636,2001-06-21 00:00:00,크루엘라,10,엠마스톤이 크루엘라 캐릭터와 이쁘게 닮아서 싱크로율도 더 좋았던거 같음 ㅋ,1
2637,2001-06-21 00:00:00,아미 오브 더 데드,1,제일 발암인 애는 살고 진짜 개 얼탱이없는 영화네  ㅋㅋ 진짜 극혐 ,0
2638,2001-06-21 00:00:00,크루엘라,10,성공적인 실사화중 하나ㅎㅎ,1
2639,2001-06-21 00:00:00,파이프라인,8,솔직히 중반까지는 졸렸는데 꽤나 반전의 반전,1
2640,2001-06-21 00:00:00,파이프라인,8,솔직히 중반까지는 졸렸는데 꽤나 반전의 반전,1
2641,2001-06-21 00:00:00,크루엘라,10,스토리부터 배우 연기 음악 너무 좋았다,1
2642,2001-06-21 00:00:00,월드 트레이드 센터,8,실화에 바탕을 둔 감동적인 영화..이런 영화는 무조건 기본 평점은 먹고 들어감,1
2643,2001-06-21 00:00:00,크루엘라,10,너무 좋았어요 :) 요즘 본 영화중에서 제일 좋았어요,1
2644,2001-06-21 00:00:00,크루엘라,10,상상이상의 연기력 빌런스러운 분위기 꿀잼!!,1
2645,2001-06-21 00:00:00,크루엘라,9,엠마스톤의 매력에 푹 빠져든다,1
2646,2001-06-21 00:00:00,크루엘라,10,스토리 탄탄하고 볼거리 많이 있어용,1
2647,2001-06-21 00:00:00,백두산,10,굳연기좋음감동추천,1
2648,2001-06-21 00:00:00,파이프라인,10,서인국배우 멸망팬이라 영화보고왔는데 출연배우분들 연기도 다들 잘하시구 영상미도 좋고 재밌게 보고 왔어요^^마지막 에피소드는 다들 너무 귀여우셔서 미소지으며 감상했네요♡1위 가즈아~~♡♡♡,1
2649,2001-06-21 00:00:00,크루엘라,10,재밌는 영화네 ㅋㅋ 연기도 좋고ㅋㅋㅋ,1
2650,2001-06-21 00:00:00,크루엘라,10,역시 디즈니. 역시 엠마 스톤.,1
2651,2001-06-21 00:00:00,크루엘라,10,기대 안하고 봤는데 완전 기대 이상 너무너무 재밌게 봤습니다,1
2652,2001-06-21 00:00:00,분노의 질주: 더 얼티메이트,3,"정말 좋아하던 시리즈인데, 이 번편 보니까 이제 그만 나와야 할 것 같다.",0
2653,2001-06-21 00:00:00,라이더스 오브 저스티스,10,음.. 나름 잼있게 봤습니다~~,1
2654,2001-06-21 00:00:00,먼 훗날 우리,10,시작부터 끝까지 가슴먹먹한 영화이 사랑의 끝은 너무 아쉽지만 자신이 가장 밑바닥 삶이었을 때 평생을 함께 하고싶을만큼 좋은 사람을 만났다는 게 너무 부럽기도 했다.이런 사랑이 진정한 사랑이겠지,1
2655,2001-06-21 00:00:00,크루엘라,10,엠마스톤 연기 좋아요 볼거리가 많아서 더 좋았어요,1
2656,2001-06-21 00:00:00,크루엘라,10,"전개도 빠르고 스토리, 영상, 연출도 잘 표현되어 있고 영국 멋진 배경도 한 몫 제대루 함",1
2657,2001-06-21 00:00:00,극장판 콩순이: 장난감나라 대모험,10,너무너무 재미있게 봤습니다. 감동이 있네요.,1
2658,2001-06-21 00:00:00,크루엘라,10,"엠마 스톤의 연기가 너무 인상적이었고, 중간중간 재밌는 요소들 덕분에 웃음이 계속 나더라구요ㅎㅎㅎ",1
2659,2001-06-21 00:00:00,크루엘라,10,간만에 완성도 높은 괜찮은 영화를 봤네요. 너무나도 즐거운 시간이었습니다!,1
2660,2001-06-21 00:00:00,크루엘라,10,"먼저 연기가 다들 훌륭하다. 영화에 몰입하는데 최고! 둘째 스토리~약간의 반전도 있고, 크루엘라가 시간이 갈수록 점점 크루엘라화 되어가는 과정이 좋았다! 세번째 다양한 의상들이 나올수록 빠져든다! 마지막 음악까지 완벽했다! ",1
2661,2001-06-21 00:00:00,사울의 아들,10,홀로코스트의 지옥에서 질긴 목숨을 이어가는 존더코만도 사울..아들(?)의 장례는 인간임을 선언하는 부르짖음.,1
2662,2001-06-21 00:00:00,크루엘라,10,기대이상으로 재밌었어요:),1
2663,2001-06-21 00:00:00,크루엘라,10,엠마 스톤 너무 예쁘고 연기 미침ㅠㅠㅠ,1
2664,2001-06-21 00:00:00,크루엘라,10,스토리 연기 영상 음악 즐거움 가득한^^,1
2665,2001-06-21 00:00:00,크루엘라,10,다시 보고싶어여 추천!!!,1
2666,2001-06-21 00:00:00,분노의 질주: 더 얼티메이트,6,기대보단 아쉬웠음내용이 개연성이 좀 떨어지는 것이 있고 슈퍼카나 액션면에서도 전작보다 그다지...,0
2667,2001-06-21 00:00:00,크루엘라,10,정말 좋았습니다. 또 볼겁니다ㅎㅎ,1
2668,2001-06-21 00:00:00,크루엘라,10,엠마 스톤 연기 인정ㅋㅋㅋㅋ,1
2669,2001-06-21 00:00:00,크루엘라,10,두 엠마의 톡톡 튀는 연기와 앙상블이 무척이나 인상 깊다!,1
2670,2001-06-21 00:00:00,크루엘라,10,기대 이상으로 재밌습니다.색감도 좋고 연기력도 뛰어나고 오랜만에 만족되는 영화를 본 것 같네요 강추~!,1
2671,2001-06-21 00:00:00,크루엘라,10,크루엘라에 나오는 모든 배우 하나하나 매력넘치네요♡,1
2672,2001-06-21 00:00:00,크루엘라,10,ost가 너무 좋았고 엠마스톤 연기 대박이였음 ㅋㅋ,1
2673,2001-06-21 00:00:00,완벽한 타인,10,조진웅 ... 와이프 바람 피는 거 아는 거지..?,1
2674,2001-06-21 00:00:00,러브 앤 몬스터스,10,재밋는뎅~~ 교훈도 있고,1
2675,2001-06-21 00:00:00,도학위룡 2 - 첩혈위룡,10,92년도 영화치고는 코미디영화로 잘만든거지2000년대 감성으로 받아들이면 유치한 부분이 많을테지만 90년대에서는 잘 만들어진 영화다적절한 주성치식 개그코드가 정말 재미있다,1
2676,2001-06-21 00:00:00,파이프라인,10,너무잼있게잘봤습니다시작부터끝까지 너무잼있네요,1
2677,2001-06-21 00:00:00,악마를 보았다,10,와 잔인하대서 안보려다봤는데 몇번 눈 찔끔 감은장면도있지만 몰입도는 최고네요 진짜 시간가는줄모르고봤어요,1
2678,2001-06-21 00:00:00,아미 오브 더 데드,1,...시간이 너무 아까웠음.. 뭐 내용이 제대로 되는게 없고 결말도 그냥 예상할수 있을만큼 뻔한 결말이었음. 특히 고구마는 몇천개 먹게 하는 캐릭터 때문에 시간낭비+쓸데없는 빡침을 경험할수 있는 아.주. 좋.은.시.간.이.었.음^^,0
2679,2001-06-21 00:00:00,델마와 루이스,8,당시 상황과 캐릭터 연출로 이해하고 봐도 순진해빠진 여자가 남자에 미쳐 친구인생 두번 말아먹은 부분은 현재를살고있는 나로써는 욕이 나왔음... 참고참고 보다가 엔딩은 좋았다. ,0
2680,2001-06-21 00:00:00,파이프라인,1,살다살다 이렇게 재미 가 없을줄이야 실제로 봤다 중간에 나가는 사람들 ㅋㅋ,0
2681,2001-06-21 00:00:00,판소리 복서,7,판소리에 희비극이 버무려있듯이 이 영화는 분명 코미디인데 뭔가 아련한 페이소스가 일품,1
2682,2001-06-21 00:00:00,분노의 질주: 더 얼티메이트,10,이거 재미없다고 1점준사람 이해안감 물론 조금 억지는 있었는데 짜피 이영화는 스토리가 중요한 영화가 아니라는거를 알고보는거 아니었음?? 암튼 스케일 대박임 ㅋㅋ 꼭 보시길 바랍니다 안보면 후회할수도 있음,1
2683,2001-06-21 00:00:00,극장판 귀멸의 칼날: 무한열차편,10,쿄쥬로 사랑해.. 빛주님 ㅜㅠ ,1
2684,2001-06-21 00:00:00,퐁네프의 연인들,8,&amp;lt;미친 사랑의 노래&amp;gt;라는 표현이 떠오른다,1
2685,2001-06-21 00:00:00,박하사탕,6,문소리는 언제 봐도 연기 잘하는 줄 모르겠음ㅋㅋㅋ 항상 작위적 연기 오그라들고 설경구도 어느 장면에선 훌륭한 연기를 하다가 의외의 발연기를 보여줌 (이를테면 군대씬이나 가장 중요한 엔딩씬에서의 작위적 연기 등등) 감독의 전작 ‘초록물고기’의 한석규가 얼마나 좋은 배우인 지 대비되고 물론 이 영화의 설경구 캐릭터가 복잡한 내면을 표현해야 하고 배우로서 더 어려운 레벨임은 사실입니다만 어느 장면에서는 기가 막힌 연기를 보여주다가 또 다른 씬에서는 발연기가 줄곧 교차 되다 보니 아이러니 하게도 설경구의 연기에서는 신선한 느낌을 받았습니다 ㅋㅋㅋ,0
2686,2001-06-21 00:00:00,분노의 질주: 더 얼티메이트,4,"뇌 비우고 봐도 헛웃음만 나옴.개인적으로는 킬링타임용도 안됐던거 같아요. 화려한 영상미는 있지만 스토리, 몰입감을 중요시하는 저에겐 힘들었습니다.",0
2687,2001-06-21 00:00:00,반창꼬,2,지가 의료사고 내놓고  보호자 고소할라고하며 연애질?가족잃은 보호자는 뭐냐??,0
2688,2001-06-21 00:00:00,시크릿 윈도우,4,그것이 비록 망상일지라도 카타르시스는 필요했다.,1
2689,2001-06-21 00:00:00,크루엘라,10,한국인이 좋아하는 전개1. 아침드라마급 가정사2. 자극적3. 빠른 전개,0
2690,2001-06-21 00:00:00,판소리 복서,7,엄태구 매력적인 배우영화는 별로,0
2691,2001-06-21 00:00:00,4등,10,욕심많은 부모들이 봐야할 영화네요결국 모두 자신이 해내야만 한다는..내꿈은..,1
2692,2001-06-21 00:00:00,굴뚝마을의 푸펠,10,잼민이들아 영화관에서는 조용히하는거다,0
2693,2001-06-21 00:00:00,크루엘라,10,"의상 디자인끝내줌,발상자체도 좋음..최고의 연출,음악, 영상미",1
2694,2001-06-21 00:00:00,내 깡패 같은 애인,10,감사합니다 좋은 영화 만들어 주셔서,1
2695,2001-06-21 00:00:00,크루엘라,10,감상포인트 전부체크할수밖에 없는 영화,1
2696,2001-06-21 00:00:00,분노의 질주: 더 얼티메이트,2,솔직히 이제 그만나올때가 된거같음ㅋㅋ.... 지루....했습니다,0
2697,2001-06-21 00:00:00,크루엘라,10,캐릭터들이 다 찰떡 캐스팅임!! 다음편도 당연히 나오는거죠???? 무조건 만드셔야 합니다 선생님 정말 꼭 나와야 돼요,1
2698,2001-06-21 00:00:00,바람,10,절대 일진미화물이 아니다 존잼,0
2699,2001-06-21 00:00:00,어벤져스: 엔드게임,10,.,1
2700,2001-06-21 00:00:00,헬로우 고스트,10,지금 다시봐도 눈물버튼ㅠㅠ,1
2701,2001-06-21 00:00:00,프리즌,5,적당히 말이 안돼야지.. 너무 말이 안되잖아... 구체적인 교정행정은 잘 모르더라도 기본적인 교정실무는 그래도 어느정도는 알고 만들어야될거 아니냐 감독아.. 아무리 문민정부때라 하더라도 감옥을 개막장으로 그려놨네,0
2702,2001-06-21 00:00:00,설국열차,8,"자본주의 시스템 아래, 혁명의  어리석음, 이상을 완전히 짓 밟은 허무.",0
2703,2001-06-21 00:00:00,조 블랙의 사랑,10,사랑 죽음 인생을 이야기하는 영화,1
2704,2001-06-21 00:00:00,크루엘라,10,.,1
2705,2001-06-21 00:00:00,크루엘라,2,기대를 너무 많이 했는지 개연성도 약하고 주인공도 뭔가 크루엘라에 확실히 녹아있단 느낌이 안들고 씨지도 좀 어설픔,0
2706,2001-06-21 00:00:00,크루엘라,5,기대했는데.. 찍먹 수준밖에 안됨 ㅠㅠㅠ..,0
2707,2001-06-21 00:00:00,분노의 질주: 더 얼티메이트,6,"무슨 뽀로로 보는줄,,,",0
2708,2001-06-21 00:00:00,동네사람들,6,"마무리가 너무 아쉽다. 김새론의 앞날은 상상은 가지만,  마동석의 결말은 그냥 단순히 그 마을을 떠나고 앞날을 상상에 맡기는 느낌이다. 솔직히 인생이 꼬인 상태로 보인 주인공인데, 어떻게 풀고 나가는지 쿠키로 보여줘도 됬을뻔도 했는데...그리고 학교에 있는 마동석에게 조언 해주는 선생님..이야기와 연관성 있을줄 알았는데 아무것도 아니었던 캐릭터..아쉬운 부분이 조금씩 있어서 큰 점수는 못드리겠네요. 배우들의 연기는 너무 좋았고, 김새론이 다 커서 연기하는 모습도 보기 좋았습니다.",1
2709,2001-06-21 00:00:00,혼숨,10,류덕환씨 연기 잘함,1
2710,2001-06-21 00:00:00,극장판 귀멸의 칼날: 무한열차편,9,"2회차 관람은 첫 관람인 남자친구 애니까지 보게 꼬시고 재밌어하길래 데리고 갔는데 여전히 눈물콧물 주르륵...옆에를 보니 남자친구 얼굴도 눈물범벅애니 작화 미쳤고.,,2기 기대됩니다ㅜㅜ",1
2711,2001-06-21 00:00:00,크루엘라,10,둘다연기 너무잘해요.,1
2712,2001-06-21 00:00:00,파이프라인,1,진짜 드럽게 재미없음 도굴이랑 겹치는것도 많고,0
2713,2001-06-21 00:00:00,파이프라인,8,"킬링타임..그냥 쏘쏘합니다조금 유치하기도하고.,크게 마음에 와닿거나와 졸잼이런 느낌은 아닌듯요",0
2714,2001-06-21 00:00:00,바람에 젖은 여자,6,아니 10대들 뭔데 9.0을 준건지....,0
2715,2001-06-21 00:00:00,크루엘라,10,여자영화 정말 멋짐폭발 두번봤네요 또 볼거애요,1
2716,2001-06-21 00:00:00,프레데터,9,공포에 질려 달아나는 아놀드 형이 상상되는가? 프레데터.그는 실력과 근성.거기다 외모까지 완벽하다..,1
2717,2001-06-21 00:00:00,아미 오브 더 데드,4,바티스타 연기는괜찮은데재미가없다  예상가능한전개 ,0
2718,2001-06-21 00:00:00,낙원의 밤,10,진짜재밌음 ㅋㅋㅋㅋ차승원이 뭔가 무서우면서도 웃김 ㅋㅋㅋㅋ,1
2719,2001-06-21 00:00:00,극장판 바이올렛 에버가든,10,시작하자마자 휴지 다썻다,0
2720,2001-06-21 00:00:00,크루엘라,10,.,1
2721,2001-06-21 00:00:00,크루엘라,8,엠마스톤 연기 ㄹㅈㄷ 라라랜드의 그 엠마스톤이 맞나?,0
2722,2001-06-21 00:00:00,클레멘타인,9,기대 안하고 봤는데 괜찮았어요 ㅎㅎ,1
2723,2001-06-21 00:00:00,톰보이,10,.,1
2724,2001-06-21 00:00:00,파이프라인,10,서인국 배우님 연기 진짜 너무 좋아요. 핀돌이역에 완전 몰입. 핀돌이 그 자체시더라구요. 출연하신 모든 배우님들 다 고생 많으셨을 듯 해요.,1
2725,2001-06-21 00:00:00,크루엘라,10,여주인공이 진짜 다해먹는 영화,0
2726,2001-06-21 00:00:00,파이프라인,8,서인국 이수혁 너무 매력넘치는 연기스타일에 푹 빠지겠어요,1
2727,2001-06-21 00:00:00,분노의 질주: 더 얼티메이트,5,스토리까지 분노의 질주를 한다. 액션이 기깔나긴 했는데 보는 내내 아무리 그래도 이건 좀 에바..;;;;라는 생각에 영 개운하지가 않더라,0
2728,2001-06-21 00:00:00,악마를 보았다,10,잔인하지만 통쾌한 영화,1
2729,2001-06-21 00:00:00,타이타닉,10,몇년전에 있었던 대형참사와 겹쳐보이는 모습이 많다.인간의 오만은 어떻게 귀결되는지 보여준다.최후가 닥치기 한시간전까지 이를 모르는 대다수 인간군상들의 모습을 담담히 보여준다.,1
2730,2001-06-21 00:00:00,크루엘라,9,재밌다 엠마스톤 얼굴 진짜 작네 ㄷㄷ,1
2731,2001-06-21 00:00:00,분노의 질주: 더 얼티메이트,10,연출력 최고입니다 추천추천,1
2732,2001-06-21 00:00:00,분노의 질주: 더 얼티메이트,6,액션은 좋아요. 근데 현실성이 없어 전혀 긴장감이 없는 액션이라 속 빈 강정 느낌입니다. 후반부 갈수록 더욱 그랬습니다.,0
2733,2001-06-21 00:00:00,비와 당신의 이야기,10,밀당을 잘하는 영화인듯,1
2734,2001-06-21 00:00:00,크루엘라,9,보는 맛이 있는 잘만든 영화!,1
2735,2001-06-21 00:00:00,스파이,10,다니엘 헤니님 넘 멋있어요ㅎ ,1
2736,2001-06-21 00:00:00,적호서생,1,짜장들이 이젠 평점 조작질까지 쳐하네..이게 나라냐??,0
2737,2001-06-21 00:00:00,버닝,8,리틀헝거와 그레이트헝거의 오해와 다툼결말이 아쉽다,0
2738,2001-06-21 00:00:00,파이프라인,10,서인국연기천잰듯!!!!,1
2739,2001-06-21 00:00:00,크루엘라,10,왜케 재밌냐 기대안하고봤는데,1
2740,2001-06-21 00:00:00,기담,10,우리집 강아지 껴안고 봤는데도 수ㅣ벌  엄마 귀신 개무서워 진짜,0
2741,2001-06-21 00:00:00,크루엘라,10,"영화관 자체를 안 간지 꽤 됐는데, 하도 재밌다길래 보러 가자 싶어서 늦은 시간에 방문. 이 영화 보자고 거의 몇 년 만에 영화관에 간 거였는데도 후회하지 않을 영화였음. 처음부터 끝까지 버릴 부분 하나도 없고, 장면장면이 다 기억에 남고. 캐릭터 하나의 이미지만 가지고 이런 스토리를 짜냈다는 게 정말 대단. 바빠서 다시 보진 못 하겠지만 시간적 여유만 있다면 다시 보러 가고 싶음. 쿠키영상 1개 있으니까 꼭 보고 나오시고, 후기를 한 줄로 요약하자면 디즈니가 디즈니했다. 최고예요!!",1
2742,2001-06-21 00:00:00,판소리 복서,4,엄태구 배우님 좋아하는데 이 영화에서는 목소리가 왤케 답답하고 듣기 거북하죠...ㅜ 안티 아니고 솔직한 느낌입니다,1
2743,2001-06-21 00:00:00,크루엘라,10,영화와 패션쇼를 멋지게섞은영화,1
2744,2001-06-21 00:00:00,파이프라인,10,영화 재미있고 유쾌하게 잘 봤습니다~핀돌이역에 서인국 배우님 몸을 아끼지 않는 연기 너무 좋았고 음문석 배우님 감초 역할 톡톡히 해주셔서 아주 재미있게 관람했습니다 파이프라인 대박나세요!~,1
2745,2001-06-21 00:00:00,#아이엠히어,8,기대안하고 봤는데 상당히 재밌었던 기억이네요,1
2746,2001-06-21 00:00:00,라이더스 오브 저스티스,8,덴마크 사람들 애나 어른이나 다 이리 똑똑한가 ??  지적수준 선진국 ,1
2747,2001-06-21 00:00:00,투 러버스,10,정신을 차리게 하는 것은 약물이나 충격적인 조언이 아니라 때로는 진심이 담긴 작은 선물일 수 도 있다. 일방적인 사랑에 빠진 남자를 물에 빠진 장갑이 구해준 것 처&amp;#39;럼 ㅎ,1
2748,2001-06-21 00:00:00,성난황소,8,"재미있는 작품이었는데 왜 아직 모르고 있었을까? 마동석이 등장하는 영화는 공통적인 포스가 있다. 이름하여 사람 날리기. 격투씬에서 사람이 날아 다닌다. 매번 형사, 깡패두목의 캐릭터를 하다가자상한 남편의 역할 하는 것을 보니 적응이 안된다. 터프한 이미지가 박힌탓에 왠지 모르게 건달영화가떠오른다. 코믹하면서도 진지한 분위기로 전혀 지루하지 않다. 동석 형님의 이미지 변신을 시도한작품이랄까? 하지만 그의 전문은 역시나 패는 것!",1
2749,2001-06-21 00:00:00,크루엘라,10,"영국배우들은 참 매력이 있는것 같아요,영상미, 연기력, 연출 음향 최고입니다. 너무 몰입도 좋게 봣습니다 강추 ! ",1
2750,2001-06-21 00:00:00,레드 닷,6,처음엔 단순히 화를 자초한줄 알았지만 나중에 알고보니 자업자득이었다,1
2751,2001-06-21 00:00:00,디어 헌터,10,이 영화는 미국국적 한국인 임종덕대위의 베트남 참전과 포로로 잡혀갔으나 두번씩이나 탈출 하는 등 미군 전력에 큰 도움을 주어 미군 교과서에 실릴 정도로 그 능력을 인정받고 전쟁 영웅으로 미국인들에게 대단한 감동을 준 실화를 영화한 것입니다. https://youtu.be/31NEApEGYvM,1
2752,2001-06-21 00:00:00,파이프라인,1,이건 뭐지....이건아니야,0
2753,2001-06-21 00:00:00,분노의 질주: 더 얼티메이트,10,믿고 보는 분노의 질주,1
2754,2001-06-21 00:00:00,파이프라인,5,후반부에 너무 꼬은 느낌이지만 배우들 연기는 좋았습니다.,1
2755,2001-06-21 00:00:00,분노의 질주: 더 얼티메이트,10,음 그냥 졸잼 꿀잼 핵잼안본사람은 있어도 한번본사람은 없을것!!어느 하나 빠지는것 없는 분노의 질주!!!다음편나올때까지 존버!!ㅎㅎ안본눈은 빨리 본눈하자!!!ㅎㅎ 마지막에 쿠키영상있으니 참고합시당^^,1
2756,2001-06-21 00:00:00,극장판 헌터X헌터 : 팬텀루즈,5,기대만큼은 아니다,0
2757,2001-06-21 00:00:00,크루엘라,10,예상보다 재미지다! 캐릭터들의 개성이 오짐.,1
2758,2001-06-21 00:00:00,굴뚝마을의 푸펠,8,나의 목적은 하나이무진 ost  최고!,1
2759,2001-06-21 00:00:00,크루엘라,8,괜찮은 타임킬링 영화입니다.,1
2760,2001-06-21 00:00:00,분노의 질주: 더 얼티메이트,6,눈이 즐겁다..!!!!,1
2761,2001-06-21 00:00:00,크루엘라,10,와우....엠마x엠마 미쳤다 조합,1
2762,2001-06-21 00:00:00,크루엘라,10,엠마스톤이 다해먹음 ㅠ,1
2763,2001-06-21 00:00:00,터미네이터 제니시스,4,"1,2에비하면 쓰1레기. 이건 내가아는 터미네이터가 아니다",0
2764,2001-06-21 00:00:00,홍길동,7,이거 보던 시절이 그립네,0
2765,2001-06-21 00:00:00,제로 다크 서티,8,역사상 최악의 테러리스트의 수장을 처단하는 스토리 잘 보았습니다. 마지막 특수부대 진압 장면이 정말 인상 깊었습니다. 헌데 런닝타임이 너무 긴 것이 흠인 것 같습니다. 지루한 부분을 줄이고 좀 더 긴장감 있는 연출로 표현했더라면 영화의 완성도가 더 올라가지 않았을까 합니다.,1
2766,2001-06-21 00:00:00,더 박스,1,영화가 정말  아쉽운것같다ㅠㅠ소재는 괜찮은데   스토리가너무약하고 질질끄는 지루함이 있고   편집에 문제도있고다소  아쉬운영화인것같다  스토리와   코믹과연기력과  긴 런닝타임이였다면 흥행하지않았을까 생각이든다  ,0
2767,2001-06-21 00:00:00,크루엘라,10,말이  필요없습니다  20201년  최고의  영화  사랑하는  연인들에게  이영화를  추천합니다,1
2768,2001-06-21 00:00:00,크루엘라,9,연기자들이 연기를 잘했고 영상미도 돋보입니다 반전도 괜찮구요 할인이 안되서 제돈주고 봤지만 돈값하는영화입니다,0
2769,2001-06-21 00:00:00,명탐정 코난: 비색의 탄환,10,.,1
2770,2001-06-21 00:00:00,천일의 스캔들,8,말이 왕이지 완전 난봉꾼이네,0
2771,2001-06-21 00:00:00,낙원의 밤,4,클리셰가 펼쳐진 낙원의 지독한 밤 ,1
2772,2001-06-21 00:00:00,얼굴없는 보스,1,햐 욕도아깝네.. 이딴 영화가 다있노,0
2773,2001-06-21 00:00:00,크루엘라,10,"사이다같은 영화, 연기도 좋았어요",1
2774,2001-06-21 00:00:00,내가 죽기를 바라는 자들,8,포스터보고 산불 재난영화인줄...,0
2775,2001-06-21 00:00:00,사탄: 휴게소 - 감독판,1,감독이 뻔뻔하게 낯짝올린게 부끄럽지도않나 싶을정도로 삼류쓰레기같았음 영상만드는사람이 만든거맞나??? 어떻게 퀄리티가 이렇게 낮을수가 있는거임??,0
2776,2001-06-21 00:00:00,크루엘라,10,스토리 댑악이고 연기랑 의상도 다 좋았고 아 ost는 말 할 것도 없고 진짜 다 좋았음,1
2777,2001-06-21 00:00:00,클레멘타인,10,부모님께 효도한다고 백신접종 예약했습니다. 근데 두 분 반응이 영..왜 그러냐고 물으니 &amp;lt; 자식을 잘못 키웠구나.우리가 원하는 건 클레멘타인dvd였다!&amp;gt;,0
2778,2001-06-21 00:00:00,파이프라인,1,유하 감독님 혹시 납치를 당해서 영화를 만들었다면 다음번 영화 첫장면에 당근을 넣어주세요,1
2779,2001-06-21 00:00:00,비와 당신의 이야기,9,보고 나오는길에 혹시 비가오진 않을까 기대하게 만든 영화,1
2780,2001-06-21 00:00:00,크루엘라,10,투엠마 연기 대박 몰입도 b스토리도 너무 좋고 꼭보세여 ㅜㅜ,1
2781,2001-06-21 00:00:00,분노의 질주: 더 얼티메이트,9,나 스토리는 진짜 감상포인트 추천 못누른다. 분노의 질주 솔직히 처음봤는데 보는내내 &amp;#39;진심..진심인가...?&amp;#39;만 이천오백만번 중얼거린 것 같다. 이들의 한계가 궁금해진다. 아 안돼팬들이 어떤맛에 좋아하는지는 알겠더라 그치만 나는 이번이 마지막일듯한 느낌적인 느낌,0
2782,2001-06-21 00:00:00,크루엘라,7,워낙 캐릭터성이 좋은 악역을 잘 표현하긴 했는데 PC때문에 굳이 아니타를 예전 애니메이션에 백인 캐릭터가아닌 다른 인종으로 바꾼건 별로였다.,0
2783,2001-06-21 00:00:00,히트,10,겁나 재미있음 연기도 잘하고 역시 헐리우드다 싶었음,1
2784,2001-06-21 00:00:00,크루엘라,10,이렇게 재밌고 탄탄하리라곤 생각 못했다. 영상은 생각만큼 음침한데 스토리와 진행은 꽤 발랄하다. 그래 착하기만 하고 속 답답한 청순가련 주인공은 한물갔지. 요샌 답답할 틈도 없이 뻥뻥 뚫어주는 빌런이 대세다. 최근 영화관에서 본 영화중 제일 기쁜마음으로 봤다. ,1
2785,2001-06-21 00:00:00,콜,8,박신혜연기는 늘 똑같은데 전종서 배우 대박임 스토리는 킬링타임용으로 재밌게봄 ,1
2786,2001-06-21 00:00:00,크루엘라,10,디즈니는 실망시키지 않습니다,1
2787,2001-06-21 00:00:00,분노의 질주: 더 얼티메이트,10,"이제는어디까지,,,,언제까지멋잇어지는거에요?!!!아진짜기다린보람이잇어ㅜㅜ♡",1
2788,2001-06-21 00:00:00,인트로덕션,7,"섣불리 저지르고 아파하는 사람은 항상 남자 쪽인 것 같지만, 알고 보면 둘 다 마찬가지일 것이다.",1
2789,2001-06-21 00:00:00,아미 오브 더 데드,1,내인생에 최고의 쓰레기영화 ㅎㅎ 고구마 백만개먹은느낌~~꼭봐요 나만당할수없지..,0
2790,2001-06-21 00:00:00,크루엘라,10,오늘 세번째 보러가오..  ,1
2791,2001-06-21 00:00:00,방과후 옥상,6,어렸을때 엄청 재밌게봤었다는그당시엔 꽤나 재밌었음,1
2792,2001-06-21 00:00:00,신세계,10,고가도로 다리에서 사람 목맨거보고 자살한줄알고 놀라고 당혹감 흉흉하고 세상악함 혐오감 공포심 두려움에 주말내내 싱숭생숭 뒤숭숭 심란했는데 경찰서 전화 문의 했더니 형사님 말씀하시길 영화 촬영중[신세계2] 이었습니다 ,1
2793,2001-06-21 00:00:00,라이더스 오브 저스티스,8,"기대없이 봤는데..볼만함. 재미도 있고, 주는 것도 있고..잘 만든 영화.",1
2794,2001-06-21 00:00:00,어른들은 몰라요,4,Gv시사회땜에 버티면서 본 영화영화 모든 부분이 툭툭 끊기는 느낌장면마다 이어지는 느낌이 전혀 없고 등장인물들이 왜 그렇게 행동하고 말하는지 이해가 안됨이유미 연기만 빛났던 것 같음제일 충격적이었던 건 컨테이너씬 왜 넣었는지 이해불가,0
2795,2001-06-21 00:00:00,분노의 질주: 더 얼티메이트,2,음 알바천국이군  적당것 해야지 스토리가 어쩌다 우주로 날라가나 어벤저스로 개봉한듯.. 현실성이 없어 너무 아쉽다 영화보다가 헛웃음들만 나온듯  스토리 연계도 허술하고 ..그냥 영상연출에 화려함만 볼만하지만 환타지에 가깝다 ,0
2796,2001-06-21 00:00:00,굴뚝마을의 푸펠,10,꼭 더빙을 보세여^^;;;,1
2797,2001-06-21 00:00:00,미나리,10,.,1
2798,2001-06-21 00:00:00,인터스텔라,10,평점 9점는 영화들은 다 이유가 있다 그걸 부정하고 재미가 없다 하면 그건 영화가 재미없는게 아니라 너님이 재미가 없어서다. ,1
2799,2001-06-21 00:00:00,분노의 질주: 더 얼티메이트,2,무슨 평론가 평점에 스포가 있냐..멍청하다 진짜.. 저것도 평론이라고..,0
2800,2001-06-21 00:00:00,파이프라인,10,엄청 웃었음ㅋㅋ한 번 더 보고싶어요,1
2801,2001-06-21 00:00:00,크루엘라,10,너무재밌어요 추천추천,1
2802,2001-06-21 00:00:00,모탈 컴뱃,5,본격 일본과 중국 무림 고수들의 대결. 유치할 수도 있지만 쉽게 볼 수 없는 독특함이 있다.,1
2803,2001-06-21 00:00:00,인터스텔라,10,미래의 나새끼야 비트코인사라고 말해줬어야지,0
2804,2001-06-21 00:00:00,분노의 질주: 더 얼티메이트,10,"지금까지분노의질주 시리즈중 최고!지금까지 영화관에서 본 영화중  최고,!상상초월의액션 손이쥐어쥐고악소리나는실감나는장면에  누구나 공감하는 가족에 엇갈린시선에 가족이야기도 감동적이다.또.보고말테다.",1
2805,2001-06-21 00:00:00,인트로덕션,10,"길게 쓸 수 있지만, 네이버를 위한 행동을 하고 싶지 않기에 짧게 쓰겠습니다. 충동적인 선택의 좋은 면과 나쁜 면을 간접적으로 경험할 수 있습니다. 또한 말과 행동이 일치하지 않은 인물들을 통해 완벽한 인간은 없다는 것을 느낄 수 있습니다. 현실하고 비슷한 부분이 많아서 재밌게 봤습니다.   Ps. 댓글 알바 아니고 광화문 씨네큐브에서 관람한 사람입니다. ",1
2806,2001-06-21 00:00:00,클릭,8,다소 뻔한 내용이긴 하나 메시지는 충분히 던져주며 센스 있는 장면과 적절한 감동이 돋보임,1
2807,2001-06-21 00:00:00,분노의 질주: 더 얼티메이트,10,"등장인물이 누군지 몰라, 다시 전편을 정독하게만듬",1
2808,2001-06-21 00:00:00,미드나잇 인 파리,10,.,1
2809,2001-06-21 00:00:00,나이브스 아웃,10,.,1
2810,2001-06-21 00:00:00,너의 췌장을 먹고 싶어,10,.,1
2811,2001-06-21 00:00:00,비와 당신의 이야기,1,팩트를 말하자면 먼가 건축학개론을 따라하고 순정드라마 따라하고 배끼고 또 배끼고 감독이 한심함 이건 감성팔이에 낚였다는 말밖에 안됨 좋은건 다배꼈음 내용도 너무 한심하고 돈쥬고 보는데 명대사는 1개2개정도고 너무 부산리즘에 빠져서 아주 대단한 애국자 나셨다죠 연기자의 맥이 없고 드라마를 많이 찍어서 드라마는 잘찍어도 이건 영화 돈주고 보는건데 영화 하게ㅛ다고 깝죽거리 하지마세요 영화 0점 ,0
2812,2001-06-21 00:00:00,분노의 질주: 더 얼티메이트,1,"스카이라인 나와주면 감지덕지 하면서 봐야하는건가? 프랜차이즈 최악의 에피소드. 전작들도 개연성이 큰 의미가 없는 시나리오였지만 이번 작품은 상상을 뛰어넘는 수준. 게다가 무의미한 오마주 남발로 피로감은 극에 달했다. 로먼 한명만 말 많으면 되는데 뭔 이런저런 잡놈들까지 아무 의미도 없는 메타포 미친듯이 날려대고.. 레이싱은 거의 없고, 액션도 애매한 맛이 있고. 그나마 드웨인존슨 없어서 그 멍청한 드라이빙을 보지 않아도 되었다는게 유일한 장점인듯 하다. 그 외에는 최악. 폴 워커의 죽음을 모독하는 느낌이 들 정도로 쓰레기같은 시나리오. ",0
2813,2001-06-21 00:00:00,비와 당신의 이야기,1,진짜 최악이네요 내가 감독해도 이거보다 나을듯,0
2814,2001-06-21 00:00:00,마르지엘라,6,"마르지엘라를 오랫동안 사랑했다면, 유쾌하지만은 않으실 수 있습니다. 우상이라고 생각해왔으나, 나만의 허상이었던 것 같다고 느낄 수 있습니다. 그의 철학을 이해하고 있다고 생각해왔으나, 그가 철학이 없는 것은 아니었나 의구심이 들 수 있습니다. 하지만 그의 낯선 민낯을 보는 것은 일부분 만족스럽습니다. ",1
2815,2001-06-21 00:00:00,국제시장,5,영화의 큰 줄기는 좋은데 몰입을 방해하는 거추장스러운 장치들이 많아서 아쉽다.,0
2816,2001-06-21 00:00:00,크루엘라,10,두번 봄 세번보고 싶음 ,1
2817,2001-06-21 00:00:00,건축학개론,9,최근에 봤는데 이 재밌는걸 이제봤다니 다좋은데마지막은 너무 애매하게 끝난거같아서 아쉽..,1
2818,2001-06-21 00:00:00,흥부: 글로 세상을 바꾼 자,6,갑자기 김주혁씨는 왜 칼로 베는건데....?,0
2819,2001-06-21 00:00:00,아미 오브 더 데드,2,주인공 딸 덕분에 위장염이 재발했어요!,1
2820,2001-06-21 00:00:00,더 문,10,부정된 자신의 존재 속에서도 &amp;#39;이거면 된 거야.&amp;#39;라고 말하는 샘. 잔인할 정도로 가슴 아프고 쓸쓸하며 고독한 sf. ,1
2821,2001-06-21 00:00:00,분노의 질주: 더 얼티메이트,9,주인공버프가 무엇인지 보여준 영화,1
2822,2001-06-21 00:00:00,아미 오브 더 데드,2,스토리 ㅈㄴ 억지인게 딸래미 지 가족 구하러 가는것도 아니고 남의 가족 구하려고 지 아버지 리스크 감수하게 하는거 개극혐이네 진짜 ㅡㅡ 지혼자 다 구하지도 못할거면서 어휴 진짜..,0
2823,2001-06-21 00:00:00,오블리비언,4,이걸보느니 우주전쟁을 2번 더 보겠다,0
2824,2001-06-21 00:00:00,세자매,6,"주변에 있을만한,,, 살을 조금 더 붙일수도 있는,,,",0
2825,2001-06-21 00:00:00,유다 그리고 블랙 메시아,6,내용의 공감은 부족하지만 연기와 연출은 만족,1
2826,2001-06-21 00:00:00,어른들은 몰라요,1,"박화영 보고 기대하셔서 보시려는분들! 절대 비추입니다ㅠㅠ 자극적이기만하고 스토리 전개 진짜 말같지도않아요,,, 개연성 최악,, 아,,,돈주고 봤는데,,돈 아깝고. 2시간도 아깝고,, 근래 본영화중 최악이네요.. 유미 배우님 연기너무잘하시는데 연기가아까워요... 배우님들 연기가 최고여서 1점이라도 주네요..  박화영에서 멈추셨어야 할거같아요.. 자극적이라고 다 10대의 문제를 표현할수있다고 생각하신건지,, 본질은 잊은채 겉멋만 집중한 영화,,게다가 잔인성은 덤으로 주는영화,, ",0
2827,2001-06-21 00:00:00,라야와 마지막 드래곤,7,"라푼젤 이후로 디즈니에 대한 기대감이 커진 탓일까..성인이 보기에는 좀 유치하고 전개가 작위적이었다. 라푼젤, 인사이드 아웃, 주먹왕 랄프 같은 건 몇번이고 다시봐도 재밌는데ㅠㅠ 제발 다시 돌아와줘 예전의 디즈니.",0
2828,2001-06-21 00:00:00,더 스파이,6,배우때문에 본것도 있는데 기대를 해서 그런가 많이 아쉬웠음 스릴러보단 다큐같은 느낌임 초중반 지루해서 영화관에서 졸아본적 없었는데 거의 졸뻔했고 후반부에 좀 긴장감이 생기는데 너무 짧음 그냥 완전 실화 바탕의 줄거리 그대로 보는 느낌임 영화적인 서스펜스가 너무 부족함,0
2829,2001-06-21 00:00:00,007 카지노 로얄 ,10,스토리부터 액션까지 퀄리티가 상당하다,1
2830,2001-06-21 00:00:00,닥터,10,김창완 캐스팅은 진짜 딱이네..내가 생각하는 김창완이라는 사람좋은사람좋게 생긴 서글서글한 아저씨인데..그런분이  저런 싸이코패스 연기를 소름돋게 하는 반전..대단했음..  ,1
2831,2001-06-21 00:00:00,버닝,7,마지막 엔딩이 가장 볼만했던 것 같다...,1
2832,2001-06-21 00:00:00,분노의 질주: 더 얼티메이트,9,"분노의 질주가 아니라 분노의 근육.. 여기 나오는 여자들까지도 어깨삼각근에 이두삼두하박은 기본장착에다 복근 등근육까지.. 다들 몸이 화가 나있음. 히어로급 빈디젤은 강화인간 캡틴아메리카랑 붙어도 질거 같지가 않음. 오랫만에 봤을땐 세월의 무게가 느껴졌는데, 액션을 보니 환갑 때까지도 거뜬할듯!  007이나 미션임파서블이었으면 조마조마 할 장면도 이들 팀이 하는거 보면 너무강력해서 편안하게 볼 수 있을정도로 긴박감이 느껴지지 않음ㅋ  동네카레이서가 A특공대가 되어버렜다는걸 받아들이면 재밌게 볼 수 있음. 팦콘무비를 팝콘 씹으며 볼 수 없다는게 아쉬울 따름ㅠ",0
2833,2001-06-21 00:00:00,더 스파이,7,상남자의 의리니 떠들 것 없다. 우연과 필연의 인생이 위대한 역사를 만들었다,1
2834,2001-06-21 00:00:00,지금 만나러 갑니다,10,정말재밌었고 감동적인영화였다,1
2835,2001-06-21 00:00:00,아메리칸 스나이퍼,8,결말에 벙쪘네요...,1
2836,2001-06-21 00:00:00,그린 마일,10,"진짜 찐 영화 감동,, 보길 잘했어",1
2837,2001-06-21 00:00:00,열혈남아,5,"스토리도 좋고, 배우들 연기도 뛰어나지만 너무 늘어지는 듯한 군더더기 편집으로 관객의 집중력을 높이는데는 실패를 한 것이 아쉽다. 명작 느와르가 될 수 있는 호화재료로 중간밖에 못한 아쉬움이 많이 남는다.",1
2838,2001-06-21 00:00:00,승리호,1,이게 영화냐 왠만큼 지루한 영화도 그냥 보는데 이건 뭐..,0
2839,2001-06-21 00:00:00,어른들은 몰라요,1,내가 뭘 본건지 모르겠네,0
2840,2001-06-21 00:00:00,조 블랙의 사랑,10,인생이란 무엇인가 한번쯤 돌아보게 해줄 수 있는 인상깊은 영화,1
2841,2001-06-21 00:00:00,뉴니스,6,스페인에서 미국으로 건너와 걸ㄹㅔ같이 살던 여자가 남자를 사귀고 나서도 아무남자만나 자고 자유분방하게 지내려하다 한 늙은이한테 호되게 당하고 갈곳없어서 다시 돌아오는 이야기.남자도 호구라 그걸 또 받아줌.. 아님 몸이 그리웠거나 ,0
2842,2001-06-21 00:00:00,어른들은 몰라요,10,공감하지 못한 분들은 그런 환경을 접해보지 않아서 이해하기가 어렵고 평점을 낮게 한 것 같은데요. 모든 아이들이 다 같은 환경에 살아왔다고 생각하면 안된다고 봐요. 정말.. 보살핌을 잘 못 받아 자라온 아이들은 영화에 나온 것처럼 저렇게 살아온 친구들이 생각보다 꽤 많습니다.. 정말 아직 어리고 다 꽃도 피지 못한 아이들이 어른들도 겪어본적도 없는 나락한 인생을 살아온 친구들이 정말 많거든요.. 살아가면서 생각지도 못한 이것보다 더한 일이 있다는 것을.. ,1
2843,2001-06-21 00:00:00,라스트 크리스마스,2,미국 로맨스 영화에도 짱개 좀 넣지마라 토 나온다 ,0
2844,2001-06-21 00:00:00,크루엘라,8,전체적으로 스토리는 유치하지만 엠마스톤 엠마톰슨 두 배우의 연기가 좋아 재미있게봤음.그리고 시각적으로 고전팝송도 좋아 시간은 잘감.,1
2845,2001-06-21 00:00:00,열혈남아,10,개명작이네. 이게 아저씨 이정범 감독이라고? 어떻게 갈수록 똥작을 만들었냐.. 열혈남아 ㅡ ㅅㅌㅊ / 아저씨 ㅡㅍㅌㅊ / 우는남자ㅡ ㅎㅌㅊ,0
2846,2001-06-21 00:00:00,조 블랙의 사랑,8,그냥 브래드피트만봐도 눈호강한다미쳤다 존잘이다 만찢남이네!근데 내용은 어렵다 감독도 죽음이나 저승사자에대해 모르기때문에 두루뭉술그려놓은것같다해답은없다....그냥 영상이예쁜영화 ㅎ,0
2847,2001-06-21 00:00:00,아메리칸 스나이퍼,7,이영화도 볼만했지만 미국 영웅주의가 곳곳에 보이네요 전 같은 이라크전쟁 소재 영화 &amp;#39;허트로커&amp;#39;  추천드립니다 묘하게 겹치는 부분이 있네요  긴장감이며 재미며 허트로커가 한수위라고 봅니다,1
2848,2001-06-21 00:00:00,올드보이,10,21년에 처음봤는데 재밌어요,1
2849,2001-06-21 00:00:00,크루엘라,10,n회차 찍을 거임 미쳤다,1
2850,2001-06-21 00:00:00,노바디 ,10,진짜 남자라면 꼭봐야 하는 영화..죽이네☆☆☆☆,1
2851,2001-06-21 00:00:00,파이프라인,10,"믿고 보는 서인국,,진짜 짱 개재밋음영화 많이 찍어 주세요 인국짱,,??",1
2852,2001-06-21 00:00:00,극장판 페이트/그랜드 오더 신성원탁영역 카멜롯 완더링; 아가트람,6,원작을 모르고 보니 세계관은 흥미롭네,1
2853,2001-06-21 00:00:00,조 블랙의 사랑,10,조의 기묘한 세상여행과 할아버지의 인생수업,1
2854,2001-06-21 00:00:00,크루엘라,10,좃댐; ㄹㅇ파격적;;,1
2855,2001-06-21 00:00:00,초속5센티미터,9,마지막 5분에 숨을 참게 되는,0
2856,2001-06-21 00:00:00,미스 슬로운,8,희한하다. 난 이게 실제 사건을 바탕으로 한 이야기인 줄 알았다. 어렴풋이 검색을 해본 기억도 있는 거 같은데 지금 보니 실화가 아니였다. 영화는 초반부터 정신없이 몰아부친다. 무슨 내용인지 전혀 감이 잡히지 않고 단지 총기규제법안에 대한 내용 정도이고 주인공이 로비스트라는 정도였다. 하지만 재밌었다. 영화가 전개될 수록 내용이 이해가 되기 시작했고 왜 결말이 그렇게 끝나는지 이해가 될 거 같았다. 이건 총기규제에 대한 로비스트의 이야기이기도 하지만 미국의 정치를 희화화하는 영화이기도 하다. 하지만 내용은 완전히 이해가 잘 가지 않았다. 미국 정치의 알력관계라든지 유착 및 로비의 세계라든지. 기본적인 지식을 몰라서 그런 거 같다. 씁쓸하다. ,0
2857,2001-06-21 00:00:00,뺑반,10,재미있게 봄이정도면 재미있음,1
2858,2001-06-21 00:00:00,크루엘라,8,추천 추천 추천극장에서 보는걸로 추천합니다음악이 예술입니다,1
2859,2001-06-21 00:00:00,말할 수 없는 비밀,10,"두고 두고 전설로 남을 영화, 계륜미 너무 예쁘다",1
2860,2001-06-21 00:00:00,부당거래,10,.,1
2861,2001-06-21 00:00:00,내가 죽기를 바라는 자들,8,.,1
2862,2001-06-21 00:00:00,미드소마,1,감독의 크나큰 착각.당신의 세계가 불쌍합니다.예술병걸린 영화. ,0
2863,2001-06-21 00:00:00,언니,8,이시영 정말 다시 보게됨. 통괘한 복수 보는 내내 와~ 소리나옴,1
2864,2001-06-21 00:00:00,프라이빗 라이프,8,컴팩트한 스콘같은 영화다. 자극적이진 않은데 몰입이 잘 되는 이런 영화가 좋더라~,1
2865,2001-06-21 00:00:00,에이 아이,10,처음 이 영화를 보았을 땐 도무지 무슨 내용인지 이해가 잘 안되었는데 다시 영화를 보며 비로서 이해가 되기까지 20년의 세월이 흘렀다는.... 개인적으로 스필버그 감독 작품중에 ET보다 더 수작이라고 여김. 슬프도록 아름답다는 표현이 가장 어울리는 영화~★,1
2866,2001-06-21 00:00:00,인트로덕션,1,신작이라 그런가. 역시 알바생들 넘쳐나는구만. 이 할배의 자기복제영화 지겹다. 공장에서 생산하듯이 지겹게 만들어되네.,0
2867,2001-06-21 00:00:00,줄리 & 줄리아,8,"두 시대, 두 주인공을 번갈아 보여준다. 실제 있을까 싶은 남편상이 두 군데나 나온다. 말이 쉽지 1년 안에 직장 여성이 5백 몇개가 되는 요리를 마스터하는 게 될까? 신기하다. 실화 바탕이라는데 어디까지가 실화일지 모르겠다. 줄리아 캐릭터가 사랑스러워서 기분 좋아진다.",1
2868,2001-06-21 00:00:00,아미 오브 더 데드,2,퀄리티는 좋으나 발암캐때문에 잠 못자겠다진짜 뻔히보이는 내용.저기서 왜 저런짓을?하는게 다반사 시원한엔딩을 간절히 원했지만 엔딩또한 고구마로 마무리내려버리고 킬링타임이라도 보지마라 ,0
2869,2001-06-21 00:00:00,엑스 마키나,10,"빠른 전개와 액션을 추구한다면 봐서는 안 될 영화,인공지능에 관심이 많고 천천히 생각하길 좋아한다면 꼭 봐야 할 영화",1
2870,2001-06-21 00:00:00,박쥐,10,이게 6점대라고? 미친,0
2871,2001-06-21 00:00:00,김관장 대 김관장 대 김관장,4,왓챠에 떠서 다시한번 보고됨.근데 신현준은 너무 바보처럼 연기했고 권오중은 뭔가 어색함최성국이 가장 이질감 없는 연기를 보여줌.코믹영화 답게 아무생각 없이 보긴 좋은 작품,1
2872,2001-06-21 00:00:00,삼진그룹 영어토익반,1,진부하고 뻔한스토리 끝까지못보겠더라,0
2873,2001-06-21 00:00:00,케빈에 대하여,10,케빈때문에 ㅈ빡치다가 성인교도소가서 건장한 흑인형님들이랑 오순도순 한방 쓸 생각하니 답답한게 쏴악~~내려가는기분이네 엌ㅋㅋㅋㅋ,0
2874,2001-06-21 00:00:00,도어락,2,감독 취향 범인한테서 잘 드러났구요 도시괴담인지 싸이코범죄물인지 기분만 나쁜 영화였습니다ㅠ 숨바꼭질 반만이라도 되면 좋았을텐데 영화 길이는 한시간 반밖에 안되지만 너무 질질 끄는 느낌; 공효진이 연기를 너무 잘해서 짜증났음ㅠㅠ,0
2875,2001-06-21 00:00:00,파이프라인,10,3번 봤습니다ㅜㅜ 배우분들 연기 너무 잘하시고 내용도 좋아요! ‘도유’라는 소재이기 때문에 내용이 그려지는데 그냥 생각 안하고 보면 반전반전이 나오는 영화입니다 같이 본 친구들도 마지막에 재밌다..하며 나왔구요 쿠키영상도 좋았습니다ㅜㅜ배우들 케미 장난아니구요 웃음포인트도 잘 살려주신 거 같아요:) 진짜 건우 나쁜 사람..이수혁 사랑해..,1
2876,2001-06-21 00:00:00,퍼펙트 케어,9,"누가 악인지 모를 영화 ㅋㅋㅋ 주인공이 제일 악인데 끝까지 해피로 가길래 이게 가능한가 했는데 영화 얼마 안 남기고 반전. 권선징악이 없어서 되나... 안 되지! 솔직히 그냥 끝냈으면 악당의 승리였음. 주인공이랑 프랜 비주얼이랑 패션 때문에(특히 프랜 너무 예쁘고, 강아지 같음) 아무리 악랄해도 덕질하게 됨 ㅠㅠ 연기도 잘함. ",0
2877,2001-06-21 00:00:00,스토어웨이,5,주인공이 제일 이해 안 감누구도 포기하지 않겠다며 고집 부리다가 한 명 살리자고 다른 사람 열 명 죽게 하는 소년만화 주인공을 보는 것 같았음,0
2878,2001-06-21 00:00:00,파이프라인,10,서인국님 팬이라서 그냥 보러간건데 너무 재밌서 또보고싶어요 ..!!진짜 극장에서 한번더보려구요ㅎㅎ,1
2879,2001-06-21 00:00:00,야경:죽음의 택시,10,적나라한 한 - 녀,0
2880,2001-06-21 00:00:00,아미 오브 더 데드,1,생에 첨으로 영화 평점 남겨본다. 진짜 이런 쓰레기를 본 적이 없다. 말도 안 되는 구성과 연결들은 기본이며 어디선가 본 듯한 뻔한 클리셰들이 난무함에도 신선한 노잼이 계속된다. 넷플릭스 순위권이라서 오랜만에 영화 한 편 볼까 싶었던 내가 미쳤지..,0
2881,2001-06-21 00:00:00,크루엘라,10,진짜 간만에 영화다운 영화 봤다. 바로 전날에 본 유치 뽕짝 분노의질주 보다 이게 백만배는 더 재밌음 악마는 프라다를 입는다 옛날시대 버전인데 거기에 범죄영화 넣은 느낌인데 너무 재밌었음,1
2882,2001-06-21 00:00:00,자산어보,10,전세계 통틀어 위대한 작품이다. ,1
2883,2001-06-21 00:00:00,차이나타운,10,.,1
2884,2001-06-21 00:00:00,"2021 스웨그 에이지 : 외쳐, 조선!",7,해악과 풍자가 돋보이는 조선수액!,1
2885,2001-06-21 00:00:00,유전,5,전형적인 할리우드 공포물. 초반에서부터 미스터리를 빌드업하는 과정은 관객으로 하여금 숨죽여 지켜보게 만들기는 하지만... 결국에는 &amp;#34;사실 악마때문이었어&amp;#34; 라는 용두사미식 결말로 끝낸다. 식상하고 따분하며 이젠 하품까지 나오는 데우스 엑스 마키나가 사용됨. 추천하지 않음,0
2886,2001-06-21 00:00:00,분노의 질주: 더 얼티메이트,10,쿠키 영상 하나만으로 게임 끝났다10 나올 때까지 숨 참는다,0
2887,2001-06-21 00:00:00,터미네이터: 다크 페이트,1,터미네이터 원작이 구현한 완벽한 스토리라인을 붕괴시킨 쓰레기... 페미니즘을 위해 시대의 명작을 희생시킨 점을 용서할 수가 없다,0
2888,2001-06-21 00:00:00,클래식,10,그냥 미텼다..왜 이제봤을까....진짜 .... 와... ,1
2889,2001-06-21 00:00:00,헌트,10,간만에 스릴잇는..여주들액션 끝내주네요^^,1
2890,2001-06-21 00:00:00,터미네이터 3 - 라이즈 오브 더 머신,10,페미만 강조하는 다크페이트보다 훨씬 낫다.. 진짜 속편은 이거라고 믿고 싶다,1
2891,2001-06-21 00:00:00,해피뻐스데이,10,좋은 영화 잘봤습니다 배우분들 연기도 인상깊네요,1
2892,2001-06-21 00:00:00,인간중독,4,하..군복 앞가리개..진짜.어느군인이 흰티를 입고 앞가리개를..진짜.짜증나,0
2893,2001-06-21 00:00:00,걸스 오브 막시,10,.,1
2894,2001-06-21 00:00:00,언노운,8,그냥 옥수수가 아니라 기아를 종식하는 그런거지.. 리암니슨는 기억을 잃어서 본의 아니게 같은 조직원을 죽이게 되었지만.. 그 부분이 마이너스이긴 한데. 누군가는 자원이 한정적이어야 돈을 버는 사람도 있겠구나 싶었음,1
2895,2001-06-21 00:00:00,크루엘라,10,.,1
2896,2001-06-21 00:00:00,극한직업,10,재밌어요!!!! 연기 짱!,1
2897,2001-06-21 00:00:00,파이프라인,7,주인공간의 긴장감은 드라마보다 약하고 비속어가 있어서 추석때는 못나올..? 캐릭터들이 다 매력있어요,1
2898,2001-06-21 00:00:00,극장판 귀멸의 칼날: 무한열차편,10,극장판에서 두 번 봤습니다 한 번 더 볼 거고 소장판도 살 겁니다 진짜 마성의 영화,1
2899,2001-06-21 00:00:00,아미 오브 더 데드,1,불량화소가 웬 말이냐....모니터 문제인줄 알았는데 소스문제라니....,0
2900,2001-06-21 00:00:00,썸머 85,7,SUMMER OF 85,1
2901,2001-06-21 00:00:00,아미 오브 더 데드,1,조연한명이 나머지다죽이네ㅋ 고구마백만개!,0
2902,2001-06-21 00:00:00,마스터,1,스토리는 개10핵노잼,0
2903,2001-06-21 00:00:00,오두막,10,영화가 끝나고도 여운이 너무 진하게 남아서 스크린이 다 끝날 때 까지 자리를 뜨지 못했습니다. 그럼에도 불구하고 사랑하는 것. 용서와 사랑에 대해 깊게 느끼고 배우고 알게 해주는 명작이었습니다. 원작 소설을 읽어보진 못했지만 원작 소설을 만들어주신 작가님과 소설을 바탕으로 이 영화를 만들어주신 모든 분들께 감사를 표합니다.,1
2904,2001-06-21 00:00:00,순정,10,기대안하고 봤는데 생각보다 재미있고 슬프네요 연기가 좋았어요 ,1
2905,2001-06-21 00:00:00,아사코,10,"10년에 한번 나올까 말까한 수작, 단순한 남녀간의 사랑 이야기가 전부가 아님. 역시 이런 건 일본에서만 가능하더라. ",1
2906,2001-06-21 00:00:00,크루엘라,10,올해 본 영화중 최애영화 엠마스톤의 미친 연기력 화려한 볼거리와 탄탄스토리 대반전 시간이 어떻게 흘렀는지 모를 흥미진진 꿀잼영ㅎㆍ다,1
2907,2001-06-21 00:00:00,시실리 2km,10,희대의 역작이다 ㅋㅋㅋ,1
2908,2001-06-21 00:00:00,카게무샤,9,.,1
2909,2001-06-21 00:00:00,카게무샤,9,.,1
2910,2001-06-21 00:00:00,론 서바이버,10,마치 교전을 함께 하는듯 봤다. 끝에 치눅 헬기 폭파로 사망한 한국계 James Suh 사진만 나오고 소개는 안되서 조금 아쉽다. ,1
2911,2001-06-21 00:00:00,크루엘라,10,재밌어요 ㅎㅎ 추천합니당,1
2912,2001-06-21 00:00:00,령 : 저주받은 사진,3,뭐 영화를 이렇게 만들었대요,0
2913,2001-06-21 00:00:00,터미널,10,.,1
2914,2001-06-21 00:00:00,분노의 질주: 더 얼티메이트,10,마지막장면 잃을수가없다 .브라이언의 애마가 주자창에 들어서는순간 도미닉이 제일먼저 아련하면서도 뭔가 실제로  폴워커가 내리기를 바라는 그런 심정이랄까 고맙다 분노의질주 10대20대30대를 같이 가줘서 ,1
2915,2001-06-21 00:00:00,아미 오브 더 데드,1,좀비영화보는데 이렇게 늘어질수가..더 늘어지는 음악..듣기시러..꼴보기시러,0
2916,2001-06-21 00:00:00,내 생애 가장 아름다운 일주일,10,내 생애 가장 아름다운 시간,1
2917,2001-06-21 00:00:00,크루엘라,10,엠마 스톤 100% 활용법,1
2918,2001-06-21 00:00:00,극장판 귀멸의 칼날: 무한열차편,10,진짜 개쩔었다.. 세번 봄,1
2919,2001-06-21 00:00:00,더 록,7,주연보다 악역이 더 생각나는 영화 ,0
2920,2001-06-21 00:00:00,노팅 힐,10,.,1
2921,2001-06-21 00:00:00,완전범죄 프로젝트,8,오밀조밀한 재미를 주지만 복잡하지는 않다. 가뭄에 단비 같은 사이다 결말.,1
2922,2001-06-21 00:00:00,파이프라인,10,서인국 너무 연기잘하고 잘생김 ㅠㅠㅠ 진짜 최고 사랑해♥?♥?♥?,1
2923,2001-06-21 00:00:00,낙원의 밤,10,산수 그대로의 케릭터를 간만에 보내요. ㅎㅎ,1
2924,2001-06-21 00:00:00,크루엘라,10,크루엘라 기대안하고 본건데 재미있었음같이 본 사람은 기대를 하고 봐서 저만큼 재밌진 않았다고 함그냥 아무생각없이 예약해서 봐야함기대감없이보세요영화에 대한 거 미리 찾아보지도 마시고 걍 보시는거 추천,1
2925,2001-06-21 00:00:00,혼자 사는 사람들,7,"마지막 부분이 조금 아쉬었고, 홈캠에 귀신은 의아했네요. 옆집 남자 귀신도 의아했고.. 간혹 공포인가 하는 기분도 들었고, 전반적으로 공감이 되는 부분이 있어서 잘보았어요",1
2926,2001-06-21 00:00:00,악마를 보았다,10,8점대 영화가 아니다 진짜,1
2927,2001-06-21 00:00:00,내 머리 속의 지우개,10,기억이 사라져도 추억은 사라지지 않는다고...너무 감동적인 영화입니다.,1
2928,2001-06-21 00:00:00,내일의 기억,1,걍 한마디로 남깁니다  핵노잼 ,0
2929,2001-06-21 00:00:00,7년의 밤,1,고경표가 했던말 내가 하고싶은 말이였음. 왜 날 살렸어요? 아빠니까. 라는 말로 범죄미화 하는거 너무 극혐이였고 절대 아무도 용서하지 말았으면 아들도 아빠 용서해선 안됨. 장동건 역도 가정폭력 미화하면서 남탓할때 아련한 오스트 토나옴,0
2930,2001-06-21 00:00:00,택시운전사,10,민주화를 위해 신군부에 목숨걸고 대항하신 지금의 나라를 살게 한 이름 모를 수많은 우리나라의 의인들에게 경의를 표한다. 또한 독일기자 위르겐 힌츠페터와 김사복님 좋은 곳에서 꼭 재회하셨기를 바라며,1
2931,2001-06-21 00:00:00,파이프라인,2,리얼 킬링타임용 중간에 나갈까말까 고민 두번무지성으로 보면 낫배도뻔한전개와스토리 억지웃음벨과 감동전형적인 한국영화 스토리보면 언젠가 본거 같은기분이듬,0
2932,2001-06-21 00:00:00,천사는 바이러스,1,"이 영화를 쓴 작가와 천사는 바이러스는 뭐랄까 소화를 못 시키는? 안 맞는데 차라리 장르바꿔서 법정물 어때요? 재밌는 소재 알려줄테니 이걸 영화화 해보세요 피부거죽이 늘어진 늙은 남자가 자기 주제 모르고 20대 여성에게 자기가 마신 술을 반강제로 먹여요. 자기망상이 심한 늙은 남자는 이 어린 여성을 어떻게 해볼 수 있다는 망상에 지 몸이 유통기한 상폐된 썩어빠진 쉰내나는 몸인걸 모르고 착각을 하죠 여러명을 택시태워준다하고 어린 여성과 둘만 남을때 본색을 드러내죠 &amp;#34;너 나랑 안 잘 거면 왜 택시탔어?&amp;#34; &amp;#34;너는 참 앳되달까. 세상 물정을 모르는 것 같아. 너같이 어린 여자가 남자랑 택시타면 어떤 일이 벌어지는지 알 텐데.&amp;#34; &amp;#34;다른 사람들 다 내렸잖아. 없잖아. 너랑 나, 단 둘이라고&amp;#34; 늙은 남자는 더럽고 늘어빠진 얼굴을 들이밀며 택시 안에서 20대 여성에게 같이 자자고 집요하게 요구하고 성추행해요 그리고 몇 년 뒤에 통화기록을 증거로 성추행으로 고소를 당하는데 택시 기사가 그 날 본 진실을 밝히는 거예요 그리고 쉰내 나는 위선자 늙은이는 살 날이 얼마 안 남은 시점에 그동안의 위선이 드러나고 사람들에게 손가락질 받는 거예요 이런 스릴러 영화 차기작으로 어떤가요? 천사는 바이러스와는 다르지만  집필하기 더 편할것같은데 도전해보세요^^ ",0
2933,2001-06-21 00:00:00,동급생,10,겁나 설렌다 소장해서 보고 싶을 때마다 봐야지... 이런 영화 많이 많이 많이 나왔으면 좋겠다,1
2934,2001-06-21 00:00:00,라이더스 오브 저스티스,8,예측불허~!!신선하고 신박한 영화~!!,1
2935,2001-06-21 00:00:00,크루엘라,4,너무 뻔하고 유치하고 재미없는데두 엠마 보는 재미는 있다 볼거리 빼면 시체,0
2936,2001-06-21 00:00:00,자산어보,10,정말너무 빠져들어서봤습니다.영상미도너무멋있었고다들연기력이어마어마해서 깊게빠졌어요.강추합니다.. 코로나만아니었어도 800만은그냥찍을영화인데ㅜ,1
2937,2001-06-21 00:00:00,투모로우랜드,5,유치해서 문제가 아니라 그냥 재미가 없는게 문제,0
2938,2001-06-21 00:00:00,크루엘라,7,디즈니색 싹 빼고 영상미는 훌륭하다,1
2939,2001-06-21 00:00:00,바르샤바 1944,10,숨쉬기가 힘든 영화. 2차세계대전 관련 잘만든 수작들 많이봤지만 이거처럼 숨쉬기 힘들고 전쟁터있는 느낌은 처음임.. 진짜 하늘에서 살점떨어지는거랑 하수도지날땐 호러공포 장르라해도 믿을판. 이영화의 유일한단점은 실화 바탕 이라는것,0
2940,2001-06-21 00:00:00,나를 찾아줘,8,가히 로자먼드 파이크 인생작이라 할 수 있겠다,1
2941,2001-06-21 00:00:00,크루엘라,8,연기 연출 스토리 다 좋은데 체급이 좀 아쉬운 영화,1
2942,2001-06-21 00:00:00,빅 피쉬,10,먼 훗날 누군가 나의 삶을 기사가 아닌 이야기로써 전해주길 ,1
2943,2001-06-21 00:00:00,크루엘라,10,그냥 미쳤다 연기가 미쳤고 의상이 미쳤고 연출이 미쳤다,0
2944,2001-06-21 00:00:00,소리도 없이,1,유아인 연기 잘하네 이름값 하네다만 내용이 뭘 말하고 싶은지 몰겠다.연출이 너무 형편 없다.,0
2945,2001-06-21 00:00:00,퍼펙트 케어,8,심해로 빠져드는듯한 음악으로 사람을 끌어당긴다,1
2946,2001-06-21 00:00:00,해어화,6,아름다운 사랑도 없고 추락도 없고 이별도 없다...배우들의 연기로 그럴 듯하게 그려냈지만 나는 잘 모르겠다 잘 만든 영화는 아닌 것 같다.,0
2947,2001-06-21 00:00:00,분노의 질주: 더 얼티메이트,2,그냥 그림보러가는 영화 ,0
2948,2001-06-21 00:00:00,파이프라인,10,서인국이 최고야ㅠㅠㅠ 간만에 큰 스크린으로 봐서 좋았습니다,1
2949,2001-06-21 00:00:00,빌리 엘리어트,10,빌리 멋진 친구 그리고 멋있는 가족들,1
2950,2001-06-21 00:00:00,제미니 맨,4,미국식 초딩영화 4점짜리,0
2951,2001-06-21 00:00:00,크루엘라,10,연출연기스토리영상미다완벽,1
2952,2001-06-21 00:00:00,분노의 질주: 더 얼티메이트,2,이건 영화라하고 보기에는 만화에 가까움,0
2953,2001-06-21 00:00:00,조작된 도시,1,이게 8.5일리가없다. 조롱거리가 되고있는 한국영화의 모든클리셰들을 집대성한 영화. 자자~ 선수입장. 다다다다닥 오케이 해킹완료! 실화냐,0
2954,2001-06-21 00:00:00,프로메테우스,10,어마어마합니다. 이게 왜 7점대죠?,1
2955,2001-06-21 00:00:00,크루엘라,10,뻔할줄 알았는데 새로움에 놀라게 되는 영화.,1
2956,2001-06-21 00:00:00,미쓰 홍당무,10,39에 다시 보니 너무 재밌다.,1
2957,2001-06-21 00:00:00,세자매,9,진짜 너무 슬프네요.. 배우들 연기 정말 흠잡을 데 없이 감탄스럽고.... 몰입해서 잘 봤습니다 ㅠㅠ 김선영님 딸로 나온 배우분 마지막 장면에서 한 대사가 참 와닿네여. 어른들 .. 사과 좀 합시다.. 제대로.. ,1
2958,2001-06-21 00:00:00,파이,6,"???: 나는 이렇게 생각했거든, 왜냐하면 방송 켜. 나락 나락 나라락락락 나락",0
2959,2001-06-21 00:00:00,더 테이블,10,낡은탁자와 그와중에 짝이 다른 오래된 두 의자위에 각자의 인생과 사랑이 머물렀다 가네요  배우들의 연기도 괜찮았고 보고 난후 어째 맘에 드는 영화인가 싶었는데 &amp;#39;최악의 하루&amp;#39; 같은 감독이네요 개인적으로 참 재밌게 봤는데 비슷한 감성이 있습니다,1
2960,2001-06-21 00:00:00,크루엘라,9,상반기 영화중 최고.어른이용 디즈니,1
2961,2001-06-21 00:00:00,에이리언: 커버넌트,10,최고다 다음편 을 기다린다,1
2962,2001-06-21 00:00:00,아일라,10,실재 터키군들은 본인들의 봉급을 일정부분 떼어 전쟁고아들을 먹이고 입히고 가르치는 고아원을 만들고 보호했다고 합니다. 지구 반대편 타국의 전쟁 속에서 누구보다 고통스럽고 괴로운 군인들이셨을텐데 그 안에서 사랑을 베풀어 주신 한국 전쟁고아들의 모든 터키아버지들께 고개숙여 감사드립니다.,1
2963,2001-06-21 00:00:00,라이더스 오브 저스티스,10,아 그래 그래 니들이 원하는 화끈한 액션 영화는 아닌거 이해해 블랙코미디 장르인데 이걸 액션영화로 홍보한 사람들 잘못이지 뭐..그런데 영화 하나는 진짜 재밌다. 액션은 기대하지 말고,1
2964,2001-06-21 00:00:00,치코와 리타,10,실사판 영화만들어주세요,1
2965,2001-06-21 00:00:00,로보캅,9,차가운 안드로이드를 입은 머피의 복잡한 내면과의 충돌을 한 층 더 업그레이드 시켜 훌륭히 묘사하였다.,1
2966,2001-06-21 00:00:00,미쓰백,10,.,1
2967,2001-06-21 00:00:00,낙원의 밤,1,줜나게 재미없음. 1시간 보다 껐다. 3류 스토리,0
2968,2001-06-21 00:00:00,판도라,1,진짜 답답한 영화임. 현실적이지 않고 그저 진짜 영화 그 자체... 전문지식 없는 사람들한테 딱 좋은 선동영화,0
2969,2001-06-21 00:00:00,라이더스 오브 저스티스,10,믿고 보는 매즈 미켈슨!!! ,1
2970,2001-06-21 00:00:00,크루엘라,10,.,1
2971,2001-06-21 00:00:00,화양연화,10,"왕가위 감독은 화면에 인물이 아닌 감정을 담는다. 그렇게 시작하고 그렇게 끝냈기에, 가장 아름다웠던 순간이 아니었을까. 내 나이의 앞자리가 바뀌고 나서 다시 보고싶다.",1
2972,2001-06-21 00:00:00,크루엘라,8,페미랑 PC빼니까 이렇게 보기좋은걸 디즈니는 왜 그랬냐,1
2973,2001-06-21 00:00:00,분노의 질주: 더 얼티메이트,10,쥐렸다.. 특히 마지막 엔딩은...,1
2974,2001-06-21 00:00:00,아메리칸 스나이퍼,6,몰입해 봤지만 보고난 후 찝찝. 이 영화는 이라크에  파병된 미국 영웅 영화. 미국인을 위한 전기영화. 감독이 그 대단한 크린트이스트우드인데.... 감독을 다시 확인하게 됨. 글랜  토리노를...밀리언달러 베이비를 상상했다면 보지  않는 게 좋을듯. 실망함 ,0
2975,2001-06-21 00:00:00,여인의 향기,10,노인.추억.신념.외로움. 그리고 삶의 동반자인생을 돌아보게 하는 영화.멋을 찾을 수 있게 하는 영화.끝없는 찬사를 보내게 하는 영화,1
2976,2001-06-21 00:00:00,아미 오브 더 데드,1,너무나도 뻔한전개. 밥말아먹은 개연성.초반 도입부만 보고 쎄한 느낌이 들어서 스킵하면서 본 내가 승자:),0
2977,2001-06-21 00:00:00,미션 임파서블 2,8,솔직히 시리즈 내에서 괴리감이 너무 큰 것(과 우리나라 사람들이 홍콩 느와르 느낌을 너무 잘 알아서 식상하게 느껴지는 것) 때문에 실망스러운 거지 5점짜리 영화는 아닌 것 같다. 평점이 낮은 것 같아서 써 봄...,0
2978,2001-06-21 00:00:00,세자매,10,비슷한 환경에서 자란 나에겐 정말 가슴을 후벼파는듯 아픈 영화였다 그래서 영화 초반부에 들어가는 시점이었지만 영화가 전하려는 메세지가 무었인지 대번에 짐작할수 잇었던 영화 ㅠㅠ 그렇지만 끝까지 다 보았다 다 보고나서야 아이들에게 해를 가하려는 어른들에게 병적으로 발작하는 나를 그래서 너무 이상하고 심지어 나는 정신병자인가? 라고 생각했던 나를 온전히 이해하고 받아들이게된 정말 아프고도 고마운 영화 어릴적 어른에게 상처받고 이상해 보이는 어른으로 자란 어른이들에게 괜찮다고.너무 아파하지 말라고 위로해주는 슬프지만 따듯한 영화였다 감독과 열연을 펼친 배우들에게 감사를 드린다  ,1
2979,2001-06-21 00:00:00,제이슨 본,10,무조건 봐야하는 &amp;#34;본&amp;#34;,1
2980,2001-06-21 00:00:00,소리도 없이,10,많은 생각거리를 던져준다. 뒷통수를 몇번 맞고보면 그동안 얼마나 진부한 영화를 많이 봐왔는가 싶어진다. ,0
2981,2001-06-21 00:00:00,극장판 귀멸의 칼날: 무한열차편,10,하..너무 슬퍼서 울었어요.. 저랑 언니랑 귀칼 팬이 아닌데 동생이 팬이어서 봤는데 팬이 되어 버렸습니다..ㅠㅠ,1
2982,2001-06-21 00:00:00,26년,10,이게 별점이 왜이랴? 언넘이여?,0
2983,2001-06-21 00:00:00,분노의 질주: 더 얼티메이트,4,스토리도 우주로 날려버림,0
2984,2001-06-21 00:00:00,더 퍼지,1,노숙자가 지 애비인듯주인공만 뒤지게 고생하다 뒤지는듯개연성도 뒤짐 ,0
2985,2001-06-21 00:00:00,분노의 질주: 더 얼티메이트,6,폴워커가 없는 분노의질주는 분노의질주가 아니다 아쉽지만 박수 칠때 떠났어야 했다.영화는 영화일 뿐이지만   더이상 실망하기 싫다 자동차 액션영화에서  어벤져스 액션을 보앗다!! ,1
2986,2001-06-21 00:00:00,날씨의 아이,6,"이걸... 뭐라고 해야 하나. 시대를 앞서간 스토리라고 해야 하나... 산으로 가는 스토리라 해야 하나. 진부하지 않아 좋다고 해야 하나. 총이란 소재는 갈등을 위한 장치 치곤 많이 억지스러웠네. 분위기나 클라이맥스로 치닫는 과정, ost까지 &amp;lt;너의 이름은&amp;gt;의 판박이. ",0
2987,2001-06-21 00:00:00,크루엘라,10,모든 부분에서 미친 영화,1
2988,2001-06-21 00:00:00,아이,8,류현경 보면 옛날에 코메디 영화에 나와서 곧 사라져 버릴거 같은 배우였는데 누가 보던 말던 묵묵히 배우의 길을 열심히 가고 있는거 같다 그래서 묵묵히 언제나 지켜 보고 싶다..언제나 화이팅!!,1
2989,2001-06-21 00:00:00,크루엘라,10,재미있게보았다 강렬한게조았다,1
2990,2001-06-21 00:00:00,죄 많은 소녀,7,재미 없는듯..한데 끝까지 보게되는건 전여빈님 연기때문인듯 해석 찾아보게하는 영화 진짜 궁금한건 전여빈씨 웅얼거리는 대사 알고싶어요!!!,0
2991,2001-06-21 00:00:00,아이 캔 스피크,10, 어릴 때 부터 할머니랑 살아서 그런지 당시 이해하지 못했던 할머니의 행동에 짜증도 많이내고 불평도 많이 냈는데 그 싫었던 모습이 이젠 너무 그립네요 남들이 보기엔 정말 유난스러울 수 있는 우리 어르신들의 행동들 사실은 얼마나 외로우셨을까요?? 싫은 소리를 들어도 그 사람들을 계속 보러갈 정도로 외로우셨을까요?? &amp;#39;나문희&amp;#39; 배우님의 연기에 그 때 그 당시 짜증나는 하지만 지금은 가장 그리운 그 장면과 순간을 느낄 수 있어 너무나 슬프고 행복했습니다 어르신들 그리고 앞으로 어르신이 될 우리들 그러니 함께 더 이해하고 눈높이를 맞추며 살아갈 수 있기를 바랍니다 우리 할머니가 많이 보고싶습니다. ,1
2992,2001-06-21 00:00:00,크루엘라,10,"원작은 &amp;#39;101마리 달마시안&amp;#39;이지만 이 영화는 원작에서 소재만 가져다 왔을 뿐 거의 새로운 이야기에 가깝다. 오히려 &amp;#39;악마는 프라다를 입는다&amp;#39;랑 비슷하다. 긴 러닝 타임으로 약간 지루해지는 부분이 조금 있었긴 한데 스타일, ost, 연기 모두 좋다. 중후반부에 분수 앞에서 홀로 고백하는 장면에서의 엠마스톤 연기가 인상깊었다. 보통 엠마 스톤 너무 예쁘다는 이야기가 많지만 내 취향은 다른 엠마 쪽... 두 엠마가 이름까지 같은 것은 이유가 있다.",1
2993,2001-06-21 00:00:00,아미 오브 더 데드,10,"데드세트,24주후,새벽의저주를 이은 시간가는줄모르고 볼수있는 재미있는 영화",1
2994,2001-06-21 00:00:00,낙원의 밤,10,연기자분들의 온앤오프 ,1
2995,2001-06-21 00:00:00,크루엘라,10,오 완전 몰입 잘 됨 ㅎㅁㅎ,1
2996,2001-06-21 00:00:00,크루엘라,8,"디즈니 작품 중 최고로 탄탄한 스토리와 짜임새를 자랑하는 수작입니다. 두 엠마의 연기가 모두 좋지만, 특히나 엠마스톤의 연기는 경이롭네요. 엠마스톤은 자신이 그동안 쌓은 경력 이상의 수준에 도달한 느낌이에요. 매 작품마다 놀라울 정도로 성장하네요. 적절한 음악이 몰입을 도와주고 화려한 패션들이 눈을 사로잡습니다. 미술상 기대해봐도 좋지 않을까 싶을 정도로 눈이 즐거운 영화에요.",1
2997,2001-06-21 00:00:00,분노의 질주: 더 얼티메이트,1,역대 시리즈중 최악..전편까지 좋았는데 너무 산으로 가는 느낌..ㅠㅠ,0
2998,2001-06-21 00:00:00,인트로덕션,10,돼지가 우물에 빠진 날...돼지는 무슨 생각을 했을까?,1
2999,2001-06-21 00:00:00,미스 슬로운,10,.,1
3000,2001-06-21 00:00:00,다이하드: 굿 데이 투 다이,3,죽여지기 위해 존재하는 사람들과 부셔지기 위해 존재하는 건물들.,1
3001,2001-06-21 00:00:00,보이저스,1,닐 버거...버거킹,1
3002,2001-06-21 00:00:00,여고괴담 두번째 이야기,9,탕웨이 신랑 김태용,1
3003,2001-06-21 00:00:00,프라이멀 피어,7,재미가 없을 수가 없는 소재를 다루는 찰기 없는 방식마저 살리는 미친 연기.,1
3004,2001-06-21 00:00:00,모리타니안,9,"하늘이 알고, 땅이 알며, 네가 알고, 그가 안다. 죄 지은 자에게 저주를...",1
3005,2001-06-21 00:00:00,밤쉘: 세상을 바꾼 폭탄선언,6,파격적인 소재와 파격적인 척하는 영화.,0
3006,2001-06-21 00:00:00,작전,6,"요즘 주가, 코인으로 시끄러우면서,,, 그런거 하기 전에 이 영화부터 보라는 말들이 있어서 한번 봤는데... 주가조작이라는 소재만 있을뿐 이에 대한 체계적인 스토리 전개가 좀 아쉬웠네요. 주가 조작 세상을 잘 풀어낸 느낌은 아니지만 나름 재미있게 볼 수 있는 영화라고 생각합니다.",0
3007,2001-06-21 00:00:00,파이프라인,10,간만에 재밌는 한국영화였네요. 킬링타임으로도 좋구 긴박감넘치는 전개 좋아요,1
3008,2001-06-21 00:00:00,도어락,8,.,1
3009,2001-06-21 00:00:00,제인 에어,10,.,1
3010,2001-06-21 00:00:00,열혈남아,10,전화박스 키스신과 왕걸의 노래.아직까지도 열혈남아만 생각하면 가슴이 저린다 ,1
3011,2001-06-21 00:00:00,판의 미로 - 오필리아와 세 개의 열쇠,10,이영화는 판타지 라는 껍데기 안에 현실에서 도망치고 싶었던 오필리아의 망상 스릴러 다. ,1
3012,2001-06-21 00:00:00,크루엘라,10,와..진짜 역대 디즈니 실사 중 최고다.진짜 영상미 무엇...,1
3013,2001-06-21 00:00:00,양들의 침묵,10,.,1
3014,2001-06-21 00:00:00,크루엘라,7,"엠마의, 엠마에 의한, 엠마를 위한 영화!!!",1
3015,2001-06-21 00:00:00,친절한 금자씨,10,이런 영화가 진짜 평점이나 관객이 너무 안나온 영화 지금 봐도 대단한 영화 누가 인생 최고의 영화가 뭐냐구 물어보면 망설임 없이 친절한금자씨,1
3016,2001-06-21 00:00:00,다이 하드,8,Yipee Ki Yay Motherf**ker ,1
3017,2001-06-21 00:00:00,뺑반,7,여름에 보기엔 꽤 괜찮은 액션영화. 배우들 보는 재미가 있다. ,1
3018,2001-06-21 00:00:00,삼진그룹 영어토익반,1,평점보고 봤는데 노잼이네,0
3019,2001-06-21 00:00:00,"어쩌다, 결혼",1,난잡하고 쓸데없는 장면이 너무 많다 결말 궁금해서 다보긴했지만 시간 매우아깝다,0
3020,2001-06-21 00:00:00,분노의 질주: 더 얼티메이트,8,코로나때문에 답답하던 속을 뻥 뚫어줄 액션이었다..모든 액션들의 종합선물 느낌...논리고 현실성이고 뭐고 머리는 비우고 즐겨야 ~,1
3021,2001-06-21 00:00:00,크루엘라,10,재밌었어요!!!! 배경음악도 신났음,1
3022,2001-06-21 00:00:00,스푸트닉,7,스푸트닉은 러시아어로 동반자라는 뜻이라고 함. 절제된 연출과 연기 영상미 ost가 상당히 뛰어남.,1
3023,2001-06-21 00:00:00,베테랑,10,희대의 명대사를 남긴 2015년 최고의 영화,1
